N,PreN,PreNLength,NumGames,PctScore,DrawPct
5,1.c4 c5 2.g3 g6 3.Bg2 Bg7 4.Nc3 Nc6,35,1731,0.532062,0.435586
5,1.c4 c5 2.g3 Nc6 3.Bg2 g6 4.Nc3 Bg7,35,1288,0.517468,0.427795
5,1.c4 c5 2.Nc3 g6 3.g3 Bg7 4.Bg2 Nc6,35,1010,0.509405,0.472277
5,1.c4 c5 2.Nc3 Nc6 3.g3 g6 4.Bg2 Bg7,35,2045,0.529584,0.500733
5,1.c4 c6 2.e4 d5 3.exd5 cxd5 4.d4 Nf6,36,1378,0.565312,0.460087
5,1.c4 e5 2.g3 Nc6 3.Bg2 g6 4.Nc3 Bg7,35,1292,0.544891,0.366873
5,1.c4 e5 2.g3 Nf6 3.Bg2 d5 4.cxd5 Nxd5,37,2604,0.560291,0.398617
6,1.c4 e5 2.g3 Nf6 3.Bg2 d5 4.cxd5 Nxd5 5.Nc3 Nb6,47,1418,0.556064,0.4055
7,1.c4 e5 2.g3 Nf6 3.Bg2 d5 4.cxd5 Nxd5 5.Nc3 Nb6 6.Nf3 Nc6,57,1099,0.55414,0.420382
6,1.c4 e5 2.g3 Nf6 3.Bg2 d5 4.cxd5 Nxd5 5.Nf3 Nc6,47,1036,0.576254,0.399613
5,1.c4 e5 2.Nc3 Nc6 3.g3 g6 4.Bg2 Bg7,35,1849,0.545429,0.408328
5,1.c4 e5 2.Nc3 Nf6 3.g3 d5 4.cxd5 Nxd5,37,1252,0.525559,0.421725
6,1.c4 e5 2.Nc3 Nf6 3.g3 d5 4.cxd5 Nxd5 5.Bg2 Nb6,47,1143,0.523184,0.425196
5,1.c4 e5 2.Nc3 Nf6 3.Nf3 Nc6 4.e3 Bb4,36,1257,0.533015,0.375497
5,1.c4 e5 2.Nc3 Nf6 3.Nf3 Nc6 4.g3 d5,35,1163,0.538693,0.444539
6,1.c4 e5 2.Nc3 Nf6 3.Nf3 Nc6 4.g3 d5 5.cxd5 Nxd5,47,1159,0.539257,0.445211
5,1.c4 e6 2.g3 d5 3.Bg2 Nf6 4.Nf3 Be7,35,1517,0.558998,0.410019
6,1.c4 e6 2.g3 d5 3.Bg2 Nf6 4.Nf3 Be7 5.0-0 0-0,45,1205,0.554771,0.415767
5,1.c4 e6 2.Nc3 d5 3.d4 Nf6 4.cxd5 exd5,37,1552,0.608247,0.389175
5,1.c4 Nf6 2.g3 g6 3.Bg2 Bg7 4.Nc3 0-0,36,1830,0.55,0.338251
5,1.c4 Nf6 2.Nc3 e6 3.e4 d5 4.e5 d4,33,1046,0.58652,0.404397
6,1.c4 Nf6 2.Nc3 e6 3.e4 d5 4.e5 d4 5.exf6 dxc3,45,1039,0.585178,0.406159
5,1.c4 Nf6 2.Nc3 g6 3.e4 d6 4.d4 Bg7,34,2821,0.601559,0.318326
5,1.c4 Nf6 2.Nc3 g6 3.g3 Bg7 4.Bg2 0-0,36,2874,0.555845,0.351774
5,1.d4 d5 2.Bf4 Nf6 3.e3 c5 4.c3 Nc6,34,1115,0.536322,0.333632
5,1.d4 d5 2.c4 c6 3.cxd5 cxd5 4.Bf4 Nc6,37,1421,0.540464,0.479943
6,1.d4 d5 2.c4 c6 3.cxd5 cxd5 4.Bf4 Nc6 5.e3 Nf6,46,1041,0.551873,0.494716
5,1.d4 d5 2.c4 c6 3.cxd5 cxd5 4.Nc3 Nc6,37,1272,0.517295,0.745283
5,1.d4 d5 2.c4 c6 3.cxd5 cxd5 4.Nc3 Nf6,37,3968,0.512474,0.704889
6,1.d4 d5 2.c4 c6 3.cxd5 cxd5 4.Nc3 Nf6 5.Bf4 Nc6,47,1665,0.527927,0.605405
6,1.d4 d5 2.c4 c6 3.cxd5 cxd5 4.Nc3 Nf6 5.Nf3 Nc6,47,1755,0.499145,0.845584
5,1.d4 d5 2.c4 c6 3.cxd5 cxd5 4.Nf3 Nf6,37,1243,0.517296,0.775543
6,1.d4 d5 2.c4 c6 3.cxd5 cxd5 4.Nf3 Nf6 5.Nc3 Nc6,47,1126,0.515541,0.778863
5,1.d4 d5 2.c4 c6 3.Nc3 Nf6 4.cxd5 cxd5,37,2042,0.543584,0.581782
6,1.d4 d5 2.c4 c6 3.Nc3 Nf6 4.cxd5 cxd5 5.Bf4 Nc6,47,1324,0.561555,0.532477
5,1.d4 d5 2.c4 c6 3.Nc3 Nf6 4.e3 a6,33,2502,0.571942,0.440447
5,1.d4 d5 2.c4 c6 3.Nc3 Nf6 4.e3 e6,33,5197,0.573503,0.431595
6,1.d4 d5 2.c4 c6 3.Nc3 Nf6 4.e3 e6 5.Nf3 Nbd7,44,4277,0.572714,0.426233
7,1.d4 d5 2.c4 c6 3.Nc3 Nf6 4.e3 e6 5.Nf3 Nbd7 6.Bd3 dxc4,55,1514,0.559775,0.432628
8,1.d4 d5 2.c4 c6 3.Nc3 Nf6 4.e3 e6 5.Nf3 Nbd7 6.Bd3 dxc4 7.Bxc4 b5,65,1500,0.561,0.431333
7,1.d4 d5 2.c4 c6 3.Nc3 Nf6 4.e3 e6 5.Nf3 Nbd7 6.Qc2 Bd6,54,1930,0.584715,0.435751
5,1.d4 d5 2.c4 c6 3.Nc3 Nf6 4.e3 g6,33,1323,0.606198,0.462585
6,1.d4 d5 2.c4 c6 3.Nc3 Nf6 4.e3 g6 5.Nf3 Bg7,43,1249,0.607686,0.467574
5,1.d4 d5 2.c4 c6 3.Nc3 Nf6 4.Nf3 a6,34,1434,0.546722,0.442119
5,1.d4 d5 2.c4 c6 3.Nc3 Nf6 4.Nf3 dxc4,36,2115,0.54208,0.404255
6,1.d4 d5 2.c4 c6 3.Nc3 Nf6 4.Nf3 dxc4 5.a4 Bf5,45,1564,0.540601,0.42647
5,1.d4 d5 2.c4 c6 3.Nc3 Nf6 4.Nf3 e6,34,2980,0.558053,0.412751
6,1.d4 d5 2.c4 c6 3.Nc3 Nf6 4.Nf3 e6 5.e3 Nbd7,44,1093,0.547118,0.451967
5,1.d4 d5 2.c4 c6 3.Nf3 Nf6 4.cxd5 cxd5,37,1790,0.509776,0.764804
6,1.d4 d5 2.c4 c6 3.Nf3 Nf6 4.cxd5 cxd5 5.Nc3 Nc6,47,1659,0.511151,0.766726
5,1.d4 d5 2.c4 c6 3.Nf3 Nf6 4.e3 a6,33,1575,0.563492,0.465396
5,1.d4 d5 2.c4 c6 3.Nf3 Nf6 4.e3 Bf5,34,4859,0.532414,0.454002
6,1.d4 d5 2.c4 c6 3.Nf3 Nf6 4.e3 Bf5 5.Nc3 e6,43,3733,0.533217,0.435842
7,1.d4 d5 2.c4 c6 3.Nf3 Nf6 4.e3 Bf5 5.Nc3 e6 6.Nh4 Be4,53,1584,0.542929,0.393939
8,1.d4 d5 2.c4 c6 3.Nf3 Nf6 4.e3 Bf5 5.Nc3 e6 6.Nh4 Be4 7.f3 Bg6,62,1534,0.545958,0.393089
7,1.d4 d5 2.c4 c6 3.Nf3 Nf6 4.e3 Bf5 5.Nc3 e6 6.Nh4 Bg6,53,1463,0.531784,0.478468
5,1.d4 d5 2.c4 c6 3.Nf3 Nf6 4.e3 Bg4,34,2315,0.554211,0.470842
5,1.d4 d5 2.c4 c6 3.Nf3 Nf6 4.e3 e6,33,2820,0.604078,0.42234
5,1.d4 d5 2.c4 c6 3.Nf3 Nf6 4.Nc3 a6,34,5106,0.570603,0.457696
5,1.d4 d5 2.c4 c6 3.Nf3 Nf6 4.Nc3 dxc4,36,8985,0.56355,0.435726
6,1.d4 d5 2.c4 c6 3.Nf3 Nf6 4.Nc3 dxc4 5.a4 Bf5,45,6552,0.567002,0.451159
7,1.d4 d5 2.c4 c6 3.Nf3 Nf6 4.Nc3 dxc4 5.a4 Bf5 6.e3 e6,53,2746,0.551893,0.483976
8,1.d4 d5 2.c4 c6 3.Nf3 Nf6 4.Nc3 dxc4 5.a4 Bf5 6.e3 e6 7.Bxc4 Bb4,64,2502,0.54976,0.480815
9,1.d4 d5 2.c4 c6 3.Nf3 Nf6 4.Nc3 dxc4 5.a4 Bf5 6.e3 e6 7.Bxc4 Bb4 8.0-0 0-0,74,1217,0.554642,0.468364
9,1.d4 d5 2.c4 c6 3.Nf3 Nf6 4.Nc3 dxc4 5.a4 Bf5 6.e3 e6 7.Bxc4 Bb4 8.0-0 Nbd7,75,1196,0.54724,0.492474
7,1.d4 d5 2.c4 c6 3.Nf3 Nf6 4.Nc3 dxc4 5.a4 Bf5 6.Ne5 Nbd7,56,2104,0.565826,0.410171
8,1.d4 d5 2.c4 c6 3.Nf3 Nf6 4.Nc3 dxc4 5.a4 Bf5 6.Ne5 Nbd7 7.Nxc4 Nb6,67,1031,0.549951,0.430649
5,1.d4 d5 2.c4 c6 3.Nf3 Nf6 4.Nc3 e6,34,9823,0.563778,0.431436
6,1.d4 d5 2.c4 c6 3.Nf3 Nf6 4.Nc3 e6 5.Bg5 dxc4,45,1020,0.579411,0.35098
6,1.d4 d5 2.c4 c6 3.Nf3 Nf6 4.Nc3 e6 5.Bg5 h6,43,1984,0.550655,0.428931
7,1.d4 d5 2.c4 c6 3.Nf3 Nf6 4.Nc3 e6 5.Bg5 h6 6.Bxf6 Qxf6,55,1178,0.54202,0.501697
6,1.d4 d5 2.c4 c6 3.Nf3 Nf6 4.Nc3 e6 5.Bg5 Nbd7,45,1208,0.597682,0.432119
6,1.d4 d5 2.c4 c6 3.Nf3 Nf6 4.Nc3 e6 5.e3 Nbd7,44,3478,0.559948,0.455146
7,1.d4 d5 2.c4 c6 3.Nf3 Nf6 4.Nc3 e6 5.e3 Nbd7 6.Bd3 dxc4,55,1063,0.555503,0.428033
8,1.d4 d5 2.c4 c6 3.Nf3 Nf6 4.Nc3 e6 5.e3 Nbd7 6.Bd3 dxc4 7.Bxc4 b5,65,1051,0.554234,0.429115
7,1.d4 d5 2.c4 c6 3.Nf3 Nf6 4.Nc3 e6 5.e3 Nbd7 6.Qc2 Bd6,54,1707,0.562097,0.476274
5,1.d4 d5 2.c4 c6 3.Nf3 Nf6 4.Qc2 dxc4,36,1265,0.535968,0.398418
5,1.d4 d5 2.c4 dxc4 3.e3 Nf6 4.Bxc4 e6,36,2319,0.563389,0.473048
6,1.d4 d5 2.c4 dxc4 3.e3 Nf6 4.Bxc4 e6 5.Nf3 c5,45,1439,0.572967,0.489923
7,1.d4 d5 2.c4 dxc4 3.e3 Nf6 4.Bxc4 e6 5.Nf3 c5 6.0-0 a6,54,1060,0.573113,0.491509
5,1.d4 d5 2.c4 dxc4 3.e4 e5 4.Nf3 exd4,36,1161,0.570628,0.412575
5,1.d4 d5 2.c4 dxc4 3.e4 Nf6 4.e5 Nd5,35,1864,0.554989,0.508047
6,1.d4 d5 2.c4 dxc4 3.e4 Nf6 4.e5 Nd5 5.Bxc4 Nb6,46,1439,0.551772,0.521195
5,1.d4 d5 2.c4 dxc4 3.Nf3 Nf6 4.e3 e6,35,4825,0.562176,0.497616
6,1.d4 d5 2.c4 dxc4 3.Nf3 Nf6 4.e3 e6 5.Bxc4 a6,45,1430,0.54965,0.453146
6,1.d4 d5 2.c4 dxc4 3.Nf3 Nf6 4.e3 e6 5.Bxc4 c5,45,3350,0.567611,0.516119
7,1.d4 d5 2.c4 dxc4 3.Nf3 Nf6 4.e3 e6 5.Bxc4 c5 6.0-0 a6,54,2484,0.566425,0.527375
5,1.d4 d5 2.c4 e5 3.dxe5 d4 4.Nf3 Nc6,35,1221,0.568386,0.265356
5,1.d4 d5 2.c4 e6 3.Nc3 a6 4.cxd5 exd5,36,1478,0.543978,0.364005
5,1.d4 d5 2.c4 e6 3.Nc3 Be7 4.cxd5 exd5,37,2232,0.565636,0.424283
6,1.d4 d5 2.c4 e6 3.Nc3 Be7 4.cxd5 exd5 5.Bf4 c6,46,1382,0.561143,0.403039
5,1.d4 d5 2.c4 e6 3.Nc3 Be7 4.Nf3 Nf6,35,4136,0.558147,0.538926
6,1.d4 d5 2.c4 e6 3.Nc3 Be7 4.Nf3 Nf6 5.Bf4 0-0,45,1077,0.575673,0.49025
6,1.d4 d5 2.c4 e6 3.Nc3 Be7 4.Nf3 Nf6 5.Bg5 h6,44,1344,0.547619,0.587797
5,1.d4 d5 2.c4 e6 3.Nc3 c5 4.cxd5 exd5,36,2704,0.58321,0.425295
6,1.d4 d5 2.c4 e6 3.Nc3 c5 4.cxd5 exd5 5.Nf3 Nc6,46,2386,0.584241,0.430008
7,1.d4 d5 2.c4 e6 3.Nc3 c5 4.cxd5 exd5 5.Nf3 Nc6 6.g3 Nf6,55,1665,0.581681,0.439039
8,1.d4 d5 2.c4 e6 3.Nc3 c5 4.cxd5 exd5 5.Nf3 Nc6 6.g3 Nf6 7.Bg2 Be7,65,1457,0.587508,0.446122
9,1.d4 d5 2.c4 e6 3.Nc3 c5 4.cxd5 exd5 5.Nf3 Nc6 6.g3 Nf6 7.Bg2 Be7 8.0-0 0-0,75,1408,0.589133,0.443892
5,1.d4 d5 2.c4 e6 3.Nc3 c6 4.e3 Nf6,33,2381,0.510919,0.443931
6,1.d4 d5 2.c4 e6 3.Nc3 c6 4.e3 Nf6 5.Nf3 Nbd7,44,2043,0.510523,0.442486
7,1.d4 d5 2.c4 e6 3.Nc3 c6 4.e3 Nf6 5.Nf3 Nbd7 6.Qc2 Bd6,54,1005,0.50995,0.464676
5,1.d4 d5 2.c4 e6 3.Nc3 c6 4.e4 dxe4,34,1174,0.556643,0.334752
6,1.d4 d5 2.c4 e6 3.Nc3 c6 4.e4 dxe4 5.Nxe4 Bb4+,46,1100,0.553181,0.33
5,1.d4 d5 2.c4 e6 3.Nc3 c6 4.Nf3 Nf6,34,1215,0.520576,0.409053
5,1.d4 d5 2.c4 e6 3.Nc3 Nf6 4.Bg5 Be7,35,2504,0.551317,0.545926
5,1.d4 d5 2.c4 e6 3.Nc3 Nf6 4.cxd5 exd5,37,6524,0.581008,0.408185
6,1.d4 d5 2.c4 e6 3.Nc3 Nf6 4.cxd5 exd5 5.Bg5 Be7,47,2589,0.601583,0.420625
7,1.d4 d5 2.c4 e6 3.Nc3 Nf6 4.cxd5 exd5 5.Bg5 Be7 6.e3 c6,55,1012,0.605237,0.427865
6,1.d4 d5 2.c4 e6 3.Nc3 Nf6 4.cxd5 exd5 5.Bg5 c6,46,3034,0.56905,0.399802
5,1.d4 d5 2.c4 e6 3.Nc3 Nf6 4.Nf3 Be7,35,1351,0.57957,0.504811
5,1.d4 d5 2.c4 e6 3.Nf3 c5 4.cxd5 exd5,36,1870,0.603743,0.436363
5,1.d4 d5 2.c4 e6 3.Nf3 Nf6 4.g3 Bb4+,35,1836,0.555827,0.440631
6,1.d4 d5 2.c4 e6 3.Nf3 Nf6 4.g3 Bb4+ 5.Bd2 Be7,45,1064,0.55827,0.483082
5,1.d4 d5 2.c4 e6 3.Nf3 Nf6 4.g3 Be7,34,2476,0.593093,0.430936
6,1.d4 d5 2.c4 e6 3.Nf3 Nf6 4.g3 Be7 5.Bg2 0-0,44,2410,0.593153,0.43029
7,1.d4 d5 2.c4 e6 3.Nf3 Nf6 4.g3 Be7 5.Bg2 0-0 6.0-0 dxc4,55,1331,0.578888,0.466566
5,1.d4 d5 2.c4 e6 3.Nf3 Nf6 4.g3 dxc4,35,2321,0.545885,0.394657
5,1.d4 d5 2.c4 e6 3.Nf3 Nf6 4.Nc3 Be7,35,2884,0.604195,0.501733
6,1.d4 d5 2.c4 e6 3.Nf3 Nf6 4.Nc3 Be7 5.Bf4 0-0,45,1113,0.623539,0.43486
5,1.d4 d5 2.c4 e6 3.Nf3 Nf6 4.Nc3 c6,34,1830,0.528415,0.45683
5,1.d4 d5 2.Nf3 Nf6 3.Bf4 c5 4.e3 Nc6,35,1758,0.532423,0.319681
5,1.d4 d5 2.Nf3 Nf6 3.c4 c6 4.cxd5 cxd5,37,1001,0.506493,0.68931
5,1.d4 d5 2.Nf3 Nf6 3.c4 c6 4.e3 Bf5,34,1013,0.517275,0.467917
5,1.d4 d5 2.Nf3 Nf6 3.c4 c6 4.Nc3 dxc4,36,1633,0.544703,0.4109
6,1.d4 d5 2.Nf3 Nf6 3.c4 c6 4.Nc3 dxc4 5.a4 Bf5,45,1153,0.542064,0.419774
5,1.d4 d5 2.Nf3 Nf6 3.c4 c6 4.Nc3 e6,34,1675,0.550447,0.408358
5,1.d4 d5 2.Nf3 Nf6 3.c4 dxc4 4.e3 e6,35,1729,0.56709,0.533834
6,1.d4 d5 2.Nf3 Nf6 3.c4 dxc4 4.e3 e6 5.Bxc4 c5,45,1207,0.573322,0.548467
5,1.d4 d5 2.Nf3 Nf6 3.c4 e6 4.Nc3 Be7,35,1579,0.565864,0.512349
5,1.d4 f5 2.g3 Nf6 3.Bg2 g6 4.c4 Bg7,34,1084,0.562269,0.403136
5,1.d4 f5 2.g3 Nf6 3.Bg2 g6 4.Nf3 Bg7,35,2437,0.566885,0.409109
6,1.d4 f5 2.g3 Nf6 3.Bg2 g6 4.Nf3 Bg7 5.0-0 0-0,45,2026,0.566633,0.415597
7,1.d4 f5 2.g3 Nf6 3.Bg2 g6 4.Nf3 Bg7 5.0-0 0-0 6.c4 d6,53,1154,0.551993,0.412478
5,1.d4 f5 2.Nf3 Nf6 3.g3 g6 4.Bg2 Bg7,35,1729,0.55639,0.377096
6,1.d4 f5 2.Nf3 Nf6 3.g3 g6 4.Bg2 Bg7 5.0-0 0-0,45,1424,0.557935,0.377106
5,1.d4 Nf6 2.Bg5 e6 3.e4 h6 4.Bxf6 Qxf6,37,2592,0.51601,0.333719
5,1.d4 Nf6 2.Bg5 Ne4 3.Bf4 c5 4.f3 Qa5+,37,1651,0.552392,0.35857
6,1.d4 Nf6 2.Bg5 Ne4 3.Bf4 c5 4.f3 Qa5+ 5.c3 Nf6,46,1631,0.551808,0.358062
5,1.d4 Nf6 2.c4 c5 3.d5 b5 4.cxb5 a6,34,11269,0.549693,0.328778
6,1.d4 Nf6 2.c4 c5 3.d5 b5 4.cxb5 a6 5.bxa6 Bxa6,46,1647,0.575591,0.355798
6,1.d4 Nf6 2.c4 c5 3.d5 b5 4.cxb5 a6 5.bxa6 g6,44,4063,0.543563,0.358602
7,1.d4 Nf6 2.c4 c5 3.d5 b5 4.cxb5 a6 5.bxa6 g6 6.Nc3 Bg7,54,1082,0.527264,0.292975
7,1.d4 Nf6 2.c4 c5 3.d5 b5 4.cxb5 a6 5.bxa6 g6 6.Nc3 Bxa6,55,2721,0.554943,0.386622
8,1.d4 Nf6 2.c4 c5 3.d5 b5 4.cxb5 a6 5.bxa6 g6 6.Nc3 Bxa6 7.e4 Bxf1,65,1078,0.565862,0.385899
9,1.d4 Nf6 2.c4 c5 3.d5 b5 4.cxb5 a6 5.bxa6 g6 6.Nc3 Bxa6 7.e4 Bxf1 8.Kxf1 d6,75,1075,0.565581,0.385116
5,1.d4 Nf6 2.c4 c5 3.d5 d6 4.Nc3 g6,33,1312,0.596036,0.33689
6,1.d4 Nf6 2.c4 c5 3.d5 d6 4.Nc3 g6 5.e4 Bg7,42,1093,0.599268,0.333028
5,1.d4 Nf6 2.c4 c5 3.d5 e5 4.Nc3 d6,33,2675,0.589532,0.312523
6,1.d4 Nf6 2.c4 c5 3.d5 e5 4.Nc3 d6 5.e4 Be7,42,1655,0.598791,0.308157
5,1.d4 Nf6 2.c4 c5 3.d5 e6 4.Nc3 exd5,35,7815,0.569353,0.279334
6,1.d4 Nf6 2.c4 c5 3.d5 e6 4.Nc3 exd5 5.cxd5 d6,45,7193,0.572501,0.279438
7,1.d4 Nf6 2.c4 c5 3.d5 e6 4.Nc3 exd5 5.cxd5 d6 6.e4 g6,53,3886,0.566906,0.276376
8,1.d4 Nf6 2.c4 c5 3.d5 e6 4.Nc3 exd5 5.cxd5 d6 6.e4 g6 7.f4 Bg7,62,1289,0.576415,0.240496
7,1.d4 Nf6 2.c4 c5 3.d5 e6 4.Nc3 exd5 5.cxd5 d6 6.Nf3 g6,54,2816,0.582563,0.285156
5,1.d4 Nf6 2.c4 c5 3.d5 g6 4.Nc3 Bg7,34,2218,0.528854,0.330928
6,1.d4 Nf6 2.c4 c5 3.d5 g6 4.Nc3 Bg7 5.e4 d6,42,1371,0.540846,0.330415
5,1.d4 Nf6 2.c4 d6 3.Nc3 Nbd7 4.e4 e5,35,1642,0.531059,0.369062
5,1.d4 Nf6 2.c4 e6 3.g3 Bb4+ 4.Bd2 Qe7,36,1141,0.556529,0.40666
5,1.d4 Nf6 2.c4 e6 3.g3 c5 4.d5 exd5,34,2833,0.507412,0.320155
6,1.d4 Nf6 2.c4 e6 3.g3 c5 4.d5 exd5 5.cxd5 d6,44,2168,0.511531,0.336715
7,1.d4 Nf6 2.c4 e6 3.g3 c5 4.d5 exd5 5.cxd5 d6 6.Nc3 g6,53,1825,0.511232,0.345205
8,1.d4 Nf6 2.c4 e6 3.g3 c5 4.d5 exd5 5.cxd5 d6 6.Nc3 g6 7.Bg2 Bg7,63,1437,0.517049,0.342379
9,1.d4 Nf6 2.c4 e6 3.g3 c5 4.d5 exd5 5.cxd5 d6 6.Nc3 g6 7.Bg2 Bg7 8.Nf3 0-0,73,1415,0.519434,0.344876
5,1.d4 Nf6 2.c4 e6 3.g3 c5 4.Nf3 cxd4,35,1322,0.512102,0.409984
5,1.d4 Nf6 2.c4 e6 3.g3 d5 4.Bg2 Bb4+,35,1772,0.533577,0.4272
5,1.d4 Nf6 2.c4 e6 3.g3 d5 4.Bg2 Be7,34,2326,0.559974,0.488822
6,1.d4 Nf6 2.c4 e6 3.g3 d5 4.Bg2 Be7 5.Nf3 0-0,44,2251,0.561972,0.491337
7,1.d4 Nf6 2.c4 e6 3.g3 d5 4.Bg2 Be7 5.Nf3 0-0 6.0-0 dxc4,55,1316,0.555471,0.516717
5,1.d4 Nf6 2.c4 e6 3.g3 d5 4.Bg2 dxc4,35,1982,0.533047,0.437436
5,1.d4 Nf6 2.c4 e6 3.g3 d5 4.Nf3 Bb4+,35,1487,0.503698,0.438466
6,1.d4 Nf6 2.c4 e6 3.g3 d5 4.Nf3 Bb4+ 5.Bd2 Be7,45,1041,0.508645,0.467819
5,1.d4 Nf6 2.c4 e6 3.g3 d5 4.Nf3 Be7,34,1680,0.552678,0.451785
6,1.d4 Nf6 2.c4 e6 3.g3 d5 4.Nf3 Be7 5.Bg2 0-0,44,1637,0.551924,0.4551
7,1.d4 Nf6 2.c4 e6 3.g3 d5 4.Nf3 Be7 5.Bg2 0-0 6.0-0 dxc4,55,1079,0.542168,0.496756
5,1.d4 Nf6 2.c4 e6 3.g3 d5 4.Nf3 dxc4,35,1629,0.520564,0.412523
5,1.d4 Nf6 2.c4 e6 3.Nc3 Bb4 4.a3 Bxc3+,37,1643,0.512781,0.284236
5,1.d4 Nf6 2.c4 e6 3.Nc3 Bb4 4.e3 0-0,35,16837,0.523074,0.404703
6,1.d4 Nf6 2.c4 e6 3.Nc3 Bb4 4.e3 0-0 5.Bd3 c5,44,2453,0.529147,0.433754
6,1.d4 Nf6 2.c4 e6 3.Nc3 Bb4 4.e3 0-0 5.Bd3 d5,44,6835,0.524871,0.42297
7,1.d4 Nf6 2.c4 e6 3.Nc3 Bb4 4.e3 0-0 5.Bd3 d5 6.a3 Bxc3+,55,1331,0.554094,0.359879
7,1.d4 Nf6 2.c4 e6 3.Nc3 Bb4 4.e3 0-0 5.Bd3 d5 6.cxd5 exd5,56,1071,0.524743,0.356676
7,1.d4 Nf6 2.c4 e6 3.Nc3 Bb4 4.e3 0-0 5.Bd3 d5 6.Nf3 c5,53,2186,0.535681,0.476669
6,1.d4 Nf6 2.c4 e6 3.Nc3 Bb4 4.e3 0-0 5.Nge2 d5,45,2504,0.496405,0.435303
7,1.d4 Nf6 2.c4 e6 3.Nc3 Bb4 4.e3 0-0 5.Nge2 d5 6.a3 Be7,54,1718,0.494179,0.426076
8,1.d4 Nf6 2.c4 e6 3.Nc3 Bb4 4.e3 0-0 5.Nge2 d5 6.a3 Be7 7.cxd5 exd5,66,1036,0.503378,0.396718
5,1.d4 Nf6 2.c4 e6 3.Nc3 Bb4 4.e3 b6,34,4091,0.530432,0.364214
6,1.d4 Nf6 2.c4 e6 3.Nc3 Bb4 4.e3 b6 5.Bd3 Bb7,44,1110,0.507207,0.378378
5,1.d4 Nf6 2.c4 e6 3.Nc3 Bb4 4.e3 c5,34,5505,0.533424,0.41544
6,1.d4 Nf6 2.c4 e6 3.Nc3 Bb4 4.e3 c5 5.Bd3 Nc6,44,1619,0.51575,0.420012
6,1.d4 Nf6 2.c4 e6 3.Nc3 Bb4 4.e3 c5 5.Nge2 cxd4,46,1262,0.553882,0.419968
5,1.d4 Nf6 2.c4 e6 3.Nc3 Bb4 4.f3 c5,34,1706,0.533118,0.283118
5,1.d4 Nf6 2.c4 e6 3.Nc3 Bb4 4.f3 d5,34,2461,0.550386,0.352295
6,1.d4 Nf6 2.c4 e6 3.Nc3 Bb4 4.f3 d5 5.a3 Bxc3+,45,1768,0.559389,0.369909
7,1.d4 Nf6 2.c4 e6 3.Nc3 Bb4 4.f3 d5 5.a3 Bxc3+ 6.bxc3 c5,55,1242,0.541867,0.42512
5,1.d4 Nf6 2.c4 e6 3.Nc3 Bb4 4.Nf3 b6,35,1973,0.529143,0.3852
5,1.d4 Nf6 2.c4 e6 3.Nc3 Bb4 4.Nf3 c5,35,1728,0.557002,0.50405
5,1.d4 Nf6 2.c4 e6 3.Nc3 Bb4 4.Qc2 0-0,36,11100,0.533153,0.459279
6,1.d4 Nf6 2.c4 e6 3.Nc3 Bb4 4.Qc2 0-0 5.a3 Bxc3+,47,7143,0.529889,0.48159
7,1.d4 Nf6 2.c4 e6 3.Nc3 Bb4 4.Qc2 0-0 5.a3 Bxc3+ 6.Qxc3 b6,57,4023,0.537161,0.486204
8,1.d4 Nf6 2.c4 e6 3.Nc3 Bb4 4.Qc2 0-0 5.a3 Bxc3+ 6.Qxc3 b6 7.Bg5 Bb7,67,2385,0.544444,0.502725
7,1.d4 Nf6 2.c4 e6 3.Nc3 Bb4 4.Qc2 0-0 5.a3 Bxc3+ 6.Qxc3 d5,57,1015,0.536945,0.565517
6,1.d4 Nf6 2.c4 e6 3.Nc3 Bb4 4.Qc2 0-0 5.e4 d5,44,1100,0.559545,0.440909
7,1.d4 Nf6 2.c4 e6 3.Nc3 Bb4 4.Qc2 0-0 5.e4 d5 6.e5 Ne4,53,1054,0.560721,0.451612
5,1.d4 Nf6 2.c4 e6 3.Nc3 Bb4 4.Qc2 c5,35,4435,0.544419,0.426381
6,1.d4 Nf6 2.c4 e6 3.Nc3 Bb4 4.Qc2 c5 5.dxc5 0-0,46,1962,0.527777,0.465341
7,1.d4 Nf6 2.c4 e6 3.Nc3 Bb4 4.Qc2 c5 5.dxc5 0-0 6.a3 Bxc5,56,1293,0.546403,0.461716
5,1.d4 Nf6 2.c4 e6 3.Nc3 Bb4 4.Qc2 d5,35,4384,0.537522,0.482892
6,1.d4 Nf6 2.c4 e6 3.Nc3 Bb4 4.Qc2 d5 5.a3 Bxc3+,46,1454,0.544704,0.482806
6,1.d4 Nf6 2.c4 e6 3.Nc3 Bb4 4.Qc2 d5 5.cxd5 exd5,47,1722,0.53281,0.45238
5,1.d4 Nf6 2.c4 e6 3.Nc3 c5 4.d5 exd5,35,1984,0.59501,0.298891
6,1.d4 Nf6 2.c4 e6 3.Nc3 c5 4.d5 exd5 5.cxd5 d6,45,1762,0.596481,0.305334
7,1.d4 Nf6 2.c4 e6 3.Nc3 c5 4.d5 exd5 5.cxd5 d6 6.e4 g6,53,1160,0.595258,0.292241
5,1.d4 Nf6 2.c4 e6 3.Nc3 d5 4.Bg5 Be7,35,1427,0.566573,0.512263
5,1.d4 Nf6 2.c4 e6 3.Nc3 d5 4.cxd5 exd5,37,5568,0.561691,0.392061
6,1.d4 Nf6 2.c4 e6 3.Nc3 d5 4.cxd5 exd5 5.Bg5 Be7,47,2128,0.586466,0.385338
6,1.d4 Nf6 2.c4 e6 3.Nc3 d5 4.cxd5 exd5 5.Bg5 c6,46,2549,0.539034,0.408787
5,1.d4 Nf6 2.c4 e6 3.Nf3 b6 4.a3 Ba6,34,1896,0.537447,0.405063
6,1.d4 Nf6 2.c4 e6 3.Nf3 b6 4.a3 Ba6 5.Qc2 Bb7,44,1113,0.543575,0.416891
7,1.d4 Nf6 2.c4 e6 3.Nf3 b6 4.a3 Ba6 5.Qc2 Bb7 6.Nc3 c5,53,1057,0.545884,0.421948
5,1.d4 Nf6 2.c4 e6 3.Nf3 b6 4.a3 Bb7,34,4021,0.564784,0.429743
6,1.d4 Nf6 2.c4 e6 3.Nf3 b6 4.a3 Bb7 5.Nc3 d5,43,2948,0.564789,0.455902
7,1.d4 Nf6 2.c4 e6 3.Nf3 b6 4.a3 Bb7 5.Nc3 d5 6.cxd5 Nxd5,55,1476,0.54878,0.440379
5,1.d4 Nf6 2.c4 e6 3.Nf3 b6 4.e3 Bb7,34,1428,0.52591,0.463585
5,1.d4 Nf6 2.c4 e6 3.Nf3 b6 4.g3 Ba6,34,10218,0.542522,0.475924
6,1.d4 Nf6 2.c4 e6 3.Nf3 b6 4.g3 Ba6 5.b3 Bb4+,44,3449,0.535372,0.529138
7,1.d4 Nf6 2.c4 e6 3.Nf3 b6 4.g3 Ba6 5.b3 Bb4+ 6.Bd2 Be7,54,3329,0.535295,0.528086
8,1.d4 Nf6 2.c4 e6 3.Nf3 b6 4.g3 Ba6 5.b3 Bb4+ 6.Bd2 Be7 7.Bg2 c6,63,1619,0.536442,0.594811
9,1.d4 Nf6 2.c4 e6 3.Nf3 b6 4.g3 Ba6 5.b3 Bb4+ 6.Bd2 Be7 7.Bg2 c6 8.Bc3 d5,72,1029,0.540816,0.644314
5,1.d4 Nf6 2.c4 e6 3.Nf3 b6 4.g3 Bb4+,35,1208,0.548013,0.523178
5,1.d4 Nf6 2.c4 e6 3.Nf3 b6 4.g3 Bb7,34,7082,0.552315,0.508754
6,1.d4 Nf6 2.c4 e6 3.Nf3 b6 4.g3 Bb7 5.Bg2 Bb4+,45,1509,0.553346,0.463883
6,1.d4 Nf6 2.c4 e6 3.Nf3 b6 4.g3 Bb7 5.Bg2 Be7,44,4897,0.553093,0.536859
7,1.d4 Nf6 2.c4 e6 3.Nf3 b6 4.g3 Bb7 5.Bg2 Be7 6.0-0 0-0,54,3799,0.546854,0.555672
8,1.d4 Nf6 2.c4 e6 3.Nf3 b6 4.g3 Bb7 5.Bg2 Be7 6.0-0 0-0 7.Nc3 Ne4,64,2102,0.534015,0.649381
5,1.d4 Nf6 2.c4 e6 3.Nf3 b6 4.Nc3 Bb4,35,1688,0.552428,0.412914
5,1.d4 Nf6 2.c4 e6 3.Nf3 b6 4.Nc3 Bb7,35,2037,0.537064,0.486008
5,1.d4 Nf6 2.c4 e6 3.Nf3 Bb4+ 4.Bd2 a5,36,2119,0.542708,0.437942
5,1.d4 Nf6 2.c4 e6 3.Nf3 Bb4+ 4.Bd2 c5,36,1614,0.546778,0.473977
6,1.d4 Nf6 2.c4 e6 3.Nf3 Bb4+ 4.Bd2 c5 5.Bxb4 cxb4,48,1332,0.55518,0.475225
5,1.d4 Nf6 2.c4 e6 3.Nf3 Bb4+ 4.Bd2 Qe7,37,3926,0.559347,0.465613
6,1.d4 Nf6 2.c4 e6 3.Nf3 Bb4+ 4.Bd2 Qe7 5.g3 Nc6,46,1742,0.562284,0.474741
5,1.d4 Nf6 2.c4 e6 3.Nf3 Bb4+ 4.Nbd2 0-0,38,2248,0.568282,0.356316
6,1.d4 Nf6 2.c4 e6 3.Nf3 Bb4+ 4.Nbd2 0-0 5.a3 Be7,47,1357,0.561532,0.350773
5,1.d4 Nf6 2.c4 e6 3.Nf3 Bb4+ 4.Nbd2 b6,37,2237,0.586052,0.406794
6,1.d4 Nf6 2.c4 e6 3.Nf3 Bb4+ 4.Nbd2 b6 5.a3 Bxd2+,48,1565,0.592012,0.408306
5,1.d4 Nf6 2.c4 e6 3.Nf3 c5 4.d5 b5,33,1016,0.563484,0.306102
5,1.d4 Nf6 2.c4 e6 3.Nf3 c5 4.d5 d6,33,1316,0.525455,0.354863
6,1.d4 Nf6 2.c4 e6 3.Nf3 c5 4.d5 d6 5.Nc3 exd5,44,1232,0.519886,0.361201
7,1.d4 Nf6 2.c4 e6 3.Nf3 c5 4.d5 d6 5.Nc3 exd5 6.cxd5 g6,54,1209,0.520264,0.360628
5,1.d4 Nf6 2.c4 e6 3.Nf3 c5 4.d5 exd5,35,3057,0.576218,0.316323
6,1.d4 Nf6 2.c4 e6 3.Nf3 c5 4.d5 exd5 5.cxd5 d6,45,2622,0.575324,0.325324
7,1.d4 Nf6 2.c4 e6 3.Nf3 c5 4.d5 exd5 5.cxd5 d6 6.Nc3 g6,54,2382,0.572208,0.328295
5,1.d4 Nf6 2.c4 e6 3.Nf3 d5 4.g3 Bb4+,35,3220,0.533695,0.440683
6,1.d4 Nf6 2.c4 e6 3.Nf3 d5 4.g3 Bb4+ 5.Bd2 Be7,45,2060,0.532038,0.466019
7,1.d4 Nf6 2.c4 e6 3.Nf3 d5 4.g3 Bb4+ 5.Bd2 Be7 6.Bg2 0-0,55,1640,0.539634,0.467073
5,1.d4 Nf6 2.c4 e6 3.Nf3 d5 4.g3 Be7,34,2681,0.555949,0.479298
6,1.d4 Nf6 2.c4 e6 3.Nf3 d5 4.g3 Be7 5.Bg2 0-0,44,2636,0.556335,0.479135
7,1.d4 Nf6 2.c4 e6 3.Nf3 d5 4.g3 Be7 5.Bg2 0-0 6.0-0 dxc4,55,1709,0.547688,0.509069
5,1.d4 Nf6 2.c4 e6 3.Nf3 d5 4.g3 dxc4,35,2669,0.538965,0.45073
5,1.d4 Nf6 2.c4 e6 3.Nf3 d5 4.Nc3 Bb4,35,6286,0.541839,0.460388
6,1.d4 Nf6 2.c4 e6 3.Nf3 d5 4.Nc3 Bb4 5.Bg5 h6,44,1464,0.537909,0.544398
7,1.d4 Nf6 2.c4 e6 3.Nf3 d5 4.Nc3 Bb4 5.Bg5 h6 6.Bxf6 Qxf6,56,1387,0.540014,0.553713
6,1.d4 Nf6 2.c4 e6 3.Nf3 d5 4.Nc3 Bb4 5.cxd5 exd5,47,1775,0.545352,0.458591
6,1.d4 Nf6 2.c4 e6 3.Nf3 d5 4.Nc3 Bb4 5.Qa4+ Nc6,46,1370,0.555109,0.39781
5,1.d4 Nf6 2.c4 e6 3.Nf3 d5 4.Nc3 Be7,35,5608,0.561073,0.540834
6,1.d4 Nf6 2.c4 e6 3.Nf3 d5 4.Nc3 Be7 5.Bf4 0-0,45,2231,0.571268,0.513222
6,1.d4 Nf6 2.c4 e6 3.Nf3 d5 4.Nc3 Be7 5.Bg5 0-0,45,1050,0.562857,0.561904
6,1.d4 Nf6 2.c4 e6 3.Nf3 d5 4.Nc3 Be7 5.Bg5 h6,44,1386,0.536796,0.633477
5,1.d4 Nf6 2.c4 e6 3.Nf3 d5 4.Nc3 c5,34,2222,0.55288,0.528802
6,1.d4 Nf6 2.c4 e6 3.Nf3 d5 4.Nc3 c5 5.cxd5 Nxd5,46,1228,0.549267,0.512214
5,1.d4 Nf6 2.c4 e6 3.Nf3 d5 4.Nc3 c6,34,3313,0.514186,0.438575
6,1.d4 Nf6 2.c4 e6 3.Nf3 d5 4.Nc3 c6 5.e3 Nbd7,44,1545,0.519093,0.455663
5,1.d4 Nf6 2.c4 e6 3.Nf3 d5 4.Nc3 dxc4,36,2844,0.51213,0.459563
6,1.d4 Nf6 2.c4 e6 3.Nf3 d5 4.Nc3 dxc4 5.e4 Bb4,45,1085,0.542396,0.520737
5,1.d4 Nf6 2.c4 e6 3.Nf3 d5 4.Nc3 Nbd7,36,2162,0.531452,0.465309
5,1.d4 Nf6 2.c4 g6 3.f3 Bg7 4.e4 d6,33,1001,0.56943,0.251748
5,1.d4 Nf6 2.c4 g6 3.g3 Bg7 4.Bg2 0-0,35,5443,0.574131,0.364137
6,1.d4 Nf6 2.c4 g6 3.g3 Bg7 4.Bg2 0-0 5.Nc3 d6,44,3650,0.586027,0.362191
7,1.d4 Nf6 2.c4 g6 3.g3 Bg7 4.Bg2 0-0 5.Nc3 d6 6.Nf3 Nbd7,55,1125,0.592444,0.351111
8,1.d4 Nf6 2.c4 g6 3.g3 Bg7 4.Bg2 0-0 5.Nc3 d6 6.Nf3 Nbd7 7.0-0 e5,64,1067,0.594657,0.355201
7,1.d4 Nf6 2.c4 g6 3.g3 Bg7 4.Bg2 0-0 5.Nc3 d6 6.Nf3 Nc6,54,1432,0.585544,0.372206
6,1.d4 Nf6 2.c4 g6 3.g3 Bg7 4.Bg2 0-0 5.Nf3 d6,44,1009,0.556491,0.371655
5,1.d4 Nf6 2.c4 g6 3.g3 Bg7 4.Bg2 d5,34,1807,0.565024,0.447149
6,1.d4 Nf6 2.c4 g6 3.g3 Bg7 4.Bg2 d5 5.cxd5 Nxd5,46,1619,0.568252,0.447189
5,1.d4 Nf6 2.c4 g6 3.g3 c6 4.Bg2 d5,33,1248,0.555689,0.512019
5,1.d4 Nf6 2.c4 g6 3.Nc3 Bg7 4.e4 0-0,35,6340,0.544006,0.290851
6,1.d4 Nf6 2.c4 g6 3.Nc3 Bg7 4.e4 0-0 5.Be2 d6,44,1035,0.507246,0.239613
6,1.d4 Nf6 2.c4 g6 3.Nc3 Bg7 4.e4 0-0 5.Nf3 d6,44,2175,0.55977,0.326896
7,1.d4 Nf6 2.c4 g6 3.Nc3 Bg7 4.e4 0-0 5.Nf3 d6 6.Be2 e5,53,1278,0.564553,0.33255
5,1.d4 Nf6 2.c4 g6 3.Nc3 Bg7 4.e4 d6,34,52837,0.56133,0.352896
6,1.d4 Nf6 2.c4 g6 3.Nc3 Bg7 4.e4 d6 5.Bd3 0-0,44,1480,0.571621,0.343243
6,1.d4 Nf6 2.c4 g6 3.Nc3 Bg7 4.e4 d6 5.Be2 0-0,44,12205,0.561409,0.348054
7,1.d4 Nf6 2.c4 g6 3.Nc3 Bg7 4.e4 d6 5.Be2 0-0 6.Bg5 c5,53,1335,0.594007,0.371535
7,1.d4 Nf6 2.c4 g6 3.Nc3 Bg7 4.e4 d6 5.Be2 0-0 6.Bg5 Na6,54,1296,0.541666,0.361111
7,1.d4 Nf6 2.c4 g6 3.Nc3 Bg7 4.e4 d6 5.Be2 0-0 6.Nf3 e5,53,4404,0.554609,0.372615
8,1.d4 Nf6 2.c4 g6 3.Nc3 Bg7 4.e4 d6 5.Be2 0-0 6.Nf3 e5 7.0-0 Nc6,63,1925,0.556883,0.343896
9,1.d4 Nf6 2.c4 g6 3.Nc3 Bg7 4.e4 d6 5.Be2 0-0 6.Nf3 e5 7.0-0 Nc6 8.d5 Ne7,72,1753,0.555048,0.32972
6,1.d4 Nf6 2.c4 g6 3.Nc3 Bg7 4.e4 d6 5.f3 0-0,43,8748,0.551726,0.34122
7,1.d4 Nf6 2.c4 g6 3.Nc3 Bg7 4.e4 d6 5.f3 0-0 6.Be3 c5,52,1586,0.518915,0.356872
7,1.d4 Nf6 2.c4 g6 3.Nc3 Bg7 4.e4 d6 5.f3 0-0 6.Be3 e5,52,1313,0.582254,0.332825
7,1.d4 Nf6 2.c4 g6 3.Nc3 Bg7 4.e4 d6 5.f3 0-0 6.Be3 Nc6,53,1223,0.543336,0.337694
6,1.d4 Nf6 2.c4 g6 3.Nc3 Bg7 4.e4 d6 5.f4 0-0,43,2562,0.567525,0.332552
7,1.d4 Nf6 2.c4 g6 3.Nc3 Bg7 4.e4 d6 5.f4 0-0 6.Nf3 c5,52,1718,0.573341,0.327124
8,1.d4 Nf6 2.c4 g6 3.Nc3 Bg7 4.e4 d6 5.f4 0-0 6.Nf3 c5 7.d5 e6,60,1115,0.557399,0.323766
6,1.d4 Nf6 2.c4 g6 3.Nc3 Bg7 4.e4 d6 5.h3 0-0,43,3897,0.580189,0.297664
6,1.d4 Nf6 2.c4 g6 3.Nc3 Bg7 4.e4 d6 5.Nf3 0-0,44,19150,0.561723,0.383812
7,1.d4 Nf6 2.c4 g6 3.Nc3 Bg7 4.e4 d6 5.Nf3 0-0 6.Be2 e5,53,12949,0.563441,0.395706
8,1.d4 Nf6 2.c4 g6 3.Nc3 Bg7 4.e4 d6 5.Nf3 0-0 6.Be2 e5 7.0-0 Na6,63,1058,0.565217,0.408317
8,1.d4 Nf6 2.c4 g6 3.Nc3 Bg7 4.e4 d6 5.Nf3 0-0 6.Be2 e5 7.0-0 Nc6,63,5226,0.568694,0.349406
9,1.d4 Nf6 2.c4 g6 3.Nc3 Bg7 4.e4 d6 5.Nf3 0-0 6.Be2 e5 7.0-0 Nc6 8.d5 Ne7,72,4755,0.570767,0.332702
10,1.d4 Nf6 2.c4 g6 3.Nc3 Bg7 4.e4 d6 5.Nf3 0-0 6.Be2 e5 7.0-0 Nc6 8.d5 Ne7 9.Ne1 Nd7,82,1380,0.571376,0.306521
8,1.d4 Nf6 2.c4 g6 3.Nc3 Bg7 4.e4 d6 5.Nf3 0-0 6.Be2 e5 7.d5 a5,61,1105,0.536199,0.357466
8,1.d4 Nf6 2.c4 g6 3.Nc3 Bg7 4.e4 d6 5.Nf3 0-0 6.Be2 e5 7.dxe5 dxe5,65,1024,0.512207,0.717773
7,1.d4 Nf6 2.c4 g6 3.Nc3 Bg7 4.e4 d6 5.Nf3 0-0 6.Be2 Na6,54,1070,0.543925,0.349532
7,1.d4 Nf6 2.c4 g6 3.Nc3 Bg7 4.e4 d6 5.Nf3 0-0 6.h3 e5,52,1404,0.558048,0.329772
6,1.d4 Nf6 2.c4 g6 3.Nc3 Bg7 4.e4 d6 5.Nge2 0-0,45,1090,0.545412,0.281651
5,1.d4 Nf6 2.c4 g6 3.Nc3 Bg7 4.g3 0-0,35,1033,0.533881,0.390125
5,1.d4 Nf6 2.c4 g6 3.Nc3 Bg7 4.Nf3 0-0,36,2838,0.557963,0.352008
5,1.d4 Nf6 2.c4 g6 3.Nc3 d5 4.Bf4 Bg7,35,2747,0.540407,0.46487
6,1.d4 Nf6 2.c4 g6 3.Nc3 d5 4.Bf4 Bg7 5.e3 0-0,44,1157,0.549697,0.447709
5,1.d4 Nf6 2.c4 g6 3.Nc3 d5 4.Bg5 Ne4,35,1669,0.534152,0.404433
6,1.d4 Nf6 2.c4 g6 3.Nc3 d5 4.Bg5 Ne4 5.Bh4 Nxc3,46,1027,0.555501,0.396299
5,1.d4 Nf6 2.c4 g6 3.Nc3 d5 4.cxd5 Nxd5,37,16534,0.547992,0.440607
6,1.d4 Nf6 2.c4 g6 3.Nc3 d5 4.cxd5 Nxd5 5.Bd2 Bg7,47,1633,0.553582,0.454378
6,1.d4 Nf6 2.c4 g6 3.Nc3 d5 4.cxd5 Nxd5 5.e4 Nxc3,47,13216,0.551187,0.44272
7,1.d4 Nf6 2.c4 g6 3.Nc3 d5 4.cxd5 Nxd5 5.e4 Nxc3 6.bxc3 Bg7,58,12759,0.550043,0.443921
8,1.d4 Nf6 2.c4 g6 3.Nc3 d5 4.cxd5 Nxd5 5.e4 Nxc3 6.bxc3 Bg7 7.Bc4 0-0,68,1079,0.546339,0.388322
8,1.d4 Nf6 2.c4 g6 3.Nc3 d5 4.cxd5 Nxd5 5.e4 Nxc3 6.bxc3 Bg7 7.Bc4 c5,67,3273,0.541857,0.437213
9,1.d4 Nf6 2.c4 g6 3.Nc3 d5 4.cxd5 Nxd5 5.e4 Nxc3 6.bxc3 Bg7 7.Bc4 c5 8.Ne2 0-0,77,1226,0.547308,0.412724
9,1.d4 Nf6 2.c4 g6 3.Nc3 d5 4.cxd5 Nxd5 5.e4 Nxc3 6.bxc3 Bg7 7.Bc4 c5 8.Ne2 Nc6,77,1892,0.536997,0.44926
10,1.d4 Nf6 2.c4 g6 3.Nc3 d5 4.cxd5 Nxd5 5.e4 Nxc3 6.bxc3 Bg7 7.Bc4 c5 8.Ne2 Nc6 9.Be3 0-0,87,1660,0.53253,0.439759
8,1.d4 Nf6 2.c4 g6 3.Nc3 d5 4.cxd5 Nxd5 5.e4 Nxc3 6.bxc3 Bg7 7.Be3 c5,67,1680,0.551785,0.471428
8,1.d4 Nf6 2.c4 g6 3.Nc3 d5 4.cxd5 Nxd5 5.e4 Nxc3 6.bxc3 Bg7 7.Nf3 c5,67,3943,0.551356,0.47375
9,1.d4 Nf6 2.c4 g6 3.Nc3 d5 4.cxd5 Nxd5 5.e4 Nxc3 6.bxc3 Bg7 7.Nf3 c5 8.Rb1 0-0,77,1741,0.55313,0.468696
5,1.d4 Nf6 2.c4 g6 3.Nc3 d5 4.Nf3 Bg7,35,10060,0.535387,0.427833
6,1.d4 Nf6 2.c4 g6 3.Nc3 d5 4.Nf3 Bg7 5.Bg5 Ne4,45,1867,0.52437,0.433851
7,1.d4 Nf6 2.c4 g6 3.Nc3 d5 4.Nf3 Bg7 5.Bg5 Ne4 6.cxd5 Nxg5,57,1083,0.521698,0.430286
6,1.d4 Nf6 2.c4 g6 3.Nc3 d5 4.Nf3 Bg7 5.cxd5 Nxd5,47,1879,0.549228,0.473656
7,1.d4 Nf6 2.c4 g6 3.Nc3 d5 4.Nf3 Bg7 5.cxd5 Nxd5 6.e4 Nxc3,57,1228,0.550488,0.498371
8,1.d4 Nf6 2.c4 g6 3.Nc3 d5 4.Nf3 Bg7 5.cxd5 Nxd5 6.e4 Nxc3 7.bxc3 c5,67,1074,0.543296,0.503724
6,1.d4 Nf6 2.c4 g6 3.Nc3 d5 4.Nf3 Bg7 5.e3 0-0,44,1104,0.509057,0.458333
6,1.d4 Nf6 2.c4 g6 3.Nc3 d5 4.Nf3 Bg7 5.Qb3 dxc4,46,2639,0.558923,0.416824
7,1.d4 Nf6 2.c4 g6 3.Nc3 d5 4.Nf3 Bg7 5.Qb3 dxc4 6.Qxc4 0-0,57,2489,0.560064,0.420249
5,1.d4 Nf6 2.c4 g6 3.Nf3 Bg7 4.g3 0-0,35,5900,0.559406,0.412372
6,1.d4 Nf6 2.c4 g6 3.Nf3 Bg7 4.g3 0-0 5.Bg2 d6,44,4091,0.561354,0.393791
7,1.d4 Nf6 2.c4 g6 3.Nf3 Bg7 4.g3 0-0 5.Bg2 d6 6.0-0 Nbd7,55,1152,0.563368,0.38368
7,1.d4 Nf6 2.c4 g6 3.Nf3 Bg7 4.g3 0-0 5.Bg2 d6 6.0-0 Nc6,54,1198,0.5505,0.40651
5,1.d4 Nf6 2.Nf3 d5 3.Bf4 c5 4.e3 Nc6,35,1462,0.49316,0.351573
5,1.d4 Nf6 2.Nf3 d5 3.c4 e6 4.Nc3 Bb4,35,1026,0.539961,0.45614
5,1.d4 Nf6 2.Nf3 e6 3.Bf4 b6 4.e3 Bb7,35,1339,0.529126,0.359223
5,1.d4 Nf6 2.Nf3 e6 3.c4 b6 4.g3 Ba6,34,2481,0.532446,0.462716
5,1.d4 Nf6 2.Nf3 e6 3.c4 b6 4.g3 Bb7,34,1487,0.563887,0.496973
6,1.d4 Nf6 2.Nf3 e6 3.c4 b6 4.g3 Bb7 5.Bg2 Be7,44,1010,0.567821,0.517821
5,1.d4 Nf6 2.Nf3 e6 3.c4 Bb4+ 4.Bd2 Qe7,37,1300,0.560769,0.475384
5,1.d4 Nf6 2.Nf3 e6 3.e3 b6 4.Bd3 Bb7,35,2926,0.518626,0.405673
5,1.d4 Nf6 2.Nf3 e6 3.g3 b5 4.Bg2 Bb7,35,1413,0.482307,0.426751
5,1.d4 Nf6 2.Nf3 e6 3.g3 b6 4.Bg2 Bb7,35,1534,0.543676,0.4485
5,1.d4 Nf6 2.Nf3 g6 3.Bf4 Bg7 4.e3 0-0,36,2161,0.547663,0.361406
5,1.d4 Nf6 2.Nf3 g6 3.Bf4 Bg7 4.e3 d6,35,1082,0.523567,0.394639
5,1.d4 Nf6 2.Nf3 g6 3.Bg5 Bg7 4.Nbd2 0-0,38,2321,0.504308,0.41663
5,1.d4 Nf6 2.Nf3 g6 3.Bg5 Bg7 4.Nbd2 d5,37,1814,0.551819,0.389195
6,1.d4 Nf6 2.Nf3 g6 3.Bg5 Bg7 4.Nbd2 d5 5.e3 0-0,46,1240,0.534677,0.41129
5,1.d4 Nf6 2.Nf3 g6 3.c4 Bg7 4.g3 0-0,35,3649,0.574403,0.392984
6,1.d4 Nf6 2.Nf3 g6 3.c4 Bg7 4.g3 0-0 5.Bg2 d6,44,2605,0.571976,0.371593
5,1.d4 Nf6 2.Nf3 g6 3.c4 Bg7 4.Nc3 0-0,36,7623,0.557523,0.363636
6,1.d4 Nf6 2.Nf3 g6 3.c4 Bg7 4.Nc3 0-0 5.e4 d6,44,5686,0.560147,0.361589
7,1.d4 Nf6 2.Nf3 g6 3.c4 Bg7 4.Nc3 0-0 5.e4 d6 6.Be2 e5,53,3597,0.566583,0.372532
8,1.d4 Nf6 2.Nf3 g6 3.c4 Bg7 4.Nc3 0-0 5.e4 d6 6.Be2 e5 7.0-0 Nc6,63,1341,0.565995,0.334079
9,1.d4 Nf6 2.Nf3 g6 3.c4 Bg7 4.Nc3 0-0 5.e4 d6 6.Be2 e5 7.0-0 Nc6 8.d5 Ne7,72,1167,0.562553,0.314481
5,1.d4 Nf6 2.Nf3 g6 3.c4 Bg7 4.Nc3 d5,35,3598,0.518482,0.41662
6,1.d4 Nf6 2.Nf3 g6 3.c4 Bg7 4.Nc3 d5 5.cxd5 Nxd5,47,1500,0.538666,0.437333
7,1.d4 Nf6 2.Nf3 g6 3.c4 Bg7 4.Nc3 d5 5.cxd5 Nxd5 6.e4 Nxc3,57,1123,0.550311,0.439893
5,1.d4 Nf6 2.Nf3 g6 3.c4 Bg7 4.Nc3 d6,35,1621,0.560456,0.339913
6,1.d4 Nf6 2.Nf3 g6 3.c4 Bg7 4.Nc3 d6 5.e4 0-0,44,1159,0.567299,0.323554
5,1.d4 Nf6 2.Nf3 g6 3.g3 Bg7 4.Bg2 0-0,36,7625,0.52459,0.414426
6,1.d4 Nf6 2.Nf3 g6 3.g3 Bg7 4.Bg2 0-0 5.0-0 d5,45,1542,0.511997,0.448119
6,1.d4 Nf6 2.Nf3 g6 3.g3 Bg7 4.Bg2 0-0 5.0-0 d6,45,4486,0.523183,0.401248
5,1.d4 Nf6 2.Nf3 g6 3.Nc3 d5 4.Bf4 Bg7,36,1675,0.545074,0.360597
5,1.e4 c5 2.c3 d5 3.exd5 Qxd5 4.d4 e6,35,1373,0.518572,0.466132
6,1.e4 c5 2.c3 d5 3.exd5 Qxd5 4.d4 e6 5.Nf3 Nf6,45,1095,0.511872,0.486757
5,1.e4 c5 2.c3 d5 3.exd5 Qxd5 4.d4 g6,35,1034,0.490328,0.384912
5,1.e4 c5 2.c3 d5 3.exd5 Qxd5 4.d4 Nc6,36,2012,0.557157,0.392644
5,1.e4 c5 2.c3 d5 3.exd5 Qxd5 4.d4 Nf6,36,5890,0.520967,0.462988
6,1.e4 c5 2.c3 d5 3.exd5 Qxd5 4.d4 Nf6 5.Nf3 Bg4,46,2205,0.528571,0.493877
7,1.e4 c5 2.c3 d5 3.exd5 Qxd5 4.d4 Nf6 5.Nf3 Bg4 6.Be2 e6,55,1236,0.497977,0.555825
6,1.e4 c5 2.c3 d5 3.exd5 Qxd5 4.d4 Nf6 5.Nf3 e6,45,2450,0.508163,0.465306
5,1.e4 c5 2.c3 e6 3.d4 d5 4.exd5 exd5,35,1453,0.510323,0.464556
5,1.e4 c5 2.c3 Nf6 3.e5 Nd5 4.d4 cxd4,35,8232,0.505041,0.399295
6,1.e4 c5 2.c3 Nf6 3.e5 Nd5 4.d4 cxd4 5.cxd4 d6,45,1100,0.503636,0.383636
6,1.e4 c5 2.c3 Nf6 3.e5 Nd5 4.d4 cxd4 5.Nf3 e6,44,2061,0.491751,0.379912
7,1.e4 c5 2.c3 Nf6 3.e5 Nd5 4.d4 cxd4 5.Nf3 e6 6.cxd4 d6,54,1143,0.471128,0.396325
6,1.e4 c5 2.c3 Nf6 3.e5 Nd5 4.d4 cxd4 5.Nf3 Nc6,45,2781,0.514563,0.450197
7,1.e4 c5 2.c3 Nf6 3.e5 Nd5 4.d4 cxd4 5.Nf3 Nc6 6.Bc4 Nb6,55,1297,0.520817,0.440246
7,1.e4 c5 2.c3 Nf6 3.e5 Nd5 4.d4 cxd4 5.Nf3 Nc6 6.cxd4 d6,55,1247,0.509623,0.481956
5,1.e4 c5 2.c3 Nf6 3.e5 Nd5 4.Nf3 e6,34,1439,0.563585,0.387769
5,1.e4 c5 2.c3 Nf6 3.e5 Nd5 4.Nf3 Nc6,35,2435,0.53655,0.417659
6,1.e4 c5 2.c3 Nf6 3.e5 Nd5 4.Nf3 Nc6 5.Bc4 Nb6,45,1203,0.55029,0.365752
5,1.e4 c5 2.d3 Nc6 3.g3 g6 4.Bg2 Bg7,34,1017,0.530481,0.325467
5,1.e4 c5 2.Nc3 a6 3.g3 b5 4.Bg2 Bb7,34,1111,0.511701,0.270927
5,1.e4 c5 2.Nc3 d6 3.f4 g6 4.Nf3 Bg7,34,1126,0.497335,0.300177
5,1.e4 c5 2.Nc3 Nc6 3.Bb5 Nd4 4.Bc4 e6,36,1275,0.547843,0.334901
5,1.e4 c5 2.Nc3 Nc6 3.f4 g6 4.Nf3 Bg7,35,2434,0.466926,0.312654
6,1.e4 c5 2.Nc3 Nc6 3.f4 g6 4.Nf3 Bg7 5.Bb5 Nd4,45,1138,0.478031,0.340949
5,1.e4 c5 2.Nc3 Nc6 3.g3 g6 4.Bg2 Bg7,35,6067,0.485495,0.379924
6,1.e4 c5 2.Nc3 Nc6 3.g3 g6 4.Bg2 Bg7 5.d3 d6,43,3962,0.483846,0.397274
7,1.e4 c5 2.Nc3 Nc6 3.g3 g6 4.Bg2 Bg7 5.d3 d6 6.f4 e6,51,1053,0.48433,0.431149
8,1.e4 c5 2.Nc3 Nc6 3.g3 g6 4.Bg2 Bg7 5.d3 d6 6.f4 e6 7.Nf3 Nge7,62,1009,0.484638,0.432111
5,1.e4 c5 2.Nf3 d6 3.Bb5+ Bd7 4.Bxd7+ Nxd7,40,2729,0.505862,0.440087
6,1.e4 c5 2.Nf3 d6 3.Bb5+ Bd7 4.Bxd7+ Nxd7 5.0-0 Ngf6,51,2045,0.509535,0.445965
7,1.e4 c5 2.Nf3 d6 3.Bb5+ Bd7 4.Bxd7+ Nxd7 5.0-0 Ngf6 6.Qe2 e6,60,1027,0.517039,0.457643
5,1.e4 c5 2.Nf3 d6 3.Bb5+ Bd7 4.Bxd7+ Qxd7,40,8029,0.538983,0.523975
6,1.e4 c5 2.Nf3 d6 3.Bb5+ Bd7 4.Bxd7+ Qxd7 5.0-0 Nc6,50,2514,0.532816,0.523866
7,1.e4 c5 2.Nf3 d6 3.Bb5+ Bd7 4.Bxd7+ Qxd7 5.0-0 Nc6 6.c3 Nf6,59,1353,0.530303,0.516629
6,1.e4 c5 2.Nf3 d6 3.Bb5+ Bd7 4.Bxd7+ Qxd7 5.0-0 Nf6,50,1705,0.522873,0.533137
6,1.e4 c5 2.Nf3 d6 3.Bb5+ Bd7 4.Bxd7+ Qxd7 5.c4 Nc6,49,1526,0.55865,0.510484
6,1.e4 c5 2.Nf3 d6 3.Bb5+ Bd7 4.Bxd7+ Qxd7 5.c4 Nf6,49,1409,0.543647,0.573456
5,1.e4 c5 2.Nf3 d6 3.Bb5+ Nc6 4.0-0 Bd7,37,1847,0.520844,0.384407
6,1.e4 c5 2.Nf3 d6 3.Bb5+ Nc6 4.0-0 Bd7 5.Re1 Nf6,47,1008,0.508432,0.411706
5,1.e4 c5 2.Nf3 d6 3.Bb5+ Nd7 4.0-0 a6,36,2684,0.487146,0.337183
6,1.e4 c5 2.Nf3 d6 3.Bb5+ Nd7 4.0-0 a6 5.Bd3 Ngf6,47,1457,0.481125,0.355525
5,1.e4 c5 2.Nf3 d6 3.Bb5+ Nd7 4.0-0 Ngf6,38,1212,0.507425,0.356435
5,1.e4 c5 2.Nf3 d6 3.Bb5+ Nd7 4.c3 Ngf6,37,1137,0.507915,0.354441
5,1.e4 c5 2.Nf3 d6 3.Bb5+ Nd7 4.d4 cxd4,37,2580,0.5031,0.396899
6,1.e4 c5 2.Nf3 d6 3.Bb5+ Nd7 4.d4 cxd4 5.Qxd4 a6,47,1878,0.486155,0.415335
7,1.e4 c5 2.Nf3 d6 3.Bb5+ Nd7 4.d4 cxd4 5.Qxd4 a6 6.Bxd7+ Bxd7,60,1542,0.480869,0.422178
5,1.e4 c5 2.Nf3 d6 3.Bb5+ Nd7 4.d4 Ngf6,37,1146,0.519633,0.410994
5,1.e4 c5 2.Nf3 d6 3.c3 Nf6 4.Be2 g6,34,1229,0.51017,0.387306
6,1.e4 c5 2.Nf3 d6 3.c3 Nf6 4.Be2 g6 5.0-0 Bg7,44,1194,0.510887,0.388609
5,1.e4 c5 2.Nf3 d6 3.d4 cxd4 4.Nxd4 Nf6,37,112282,0.536261,0.339172
6,1.e4 c5 2.Nf3 d6 3.d4 cxd4 4.Nxd4 Nf6 5.f3 e5,45,1494,0.571954,0.362115
6,1.e4 c5 2.Nf3 d6 3.d4 cxd4 4.Nxd4 Nf6 5.Nc3 a6,46,67714,0.528819,0.335277
7,1.e4 c5 2.Nf3 d6 3.d4 cxd4 4.Nxd4 Nf6 5.Nc3 a6 6.Bc4 e6,55,5681,0.513289,0.293258
8,1.e4 c5 2.Nf3 d6 3.d4 cxd4 4.Nxd4 Nf6 5.Nc3 a6 6.Bc4 e6 7.Bb3 b5,64,1889,0.496823,0.292747
8,1.e4 c5 2.Nf3 d6 3.d4 cxd4 4.Nxd4 Nf6 5.Nc3 a6 6.Bc4 e6 7.Bb3 Nbd7,66,1352,0.489644,0.278106
7,1.e4 c5 2.Nf3 d6 3.d4 cxd4 4.Nxd4 Nf6 5.Nc3 a6 6.Be2 e5,55,7387,0.521591,0.394747
8,1.e4 c5 2.Nf3 d6 3.d4 cxd4 4.Nxd4 Nf6 5.Nc3 a6 6.Be2 e5 7.Nb3 Be7,65,6203,0.518055,0.403836
9,1.e4 c5 2.Nf3 d6 3.d4 cxd4 4.Nxd4 Nf6 5.Nc3 a6 6.Be2 e5 7.Nb3 Be7 8.0-0 0-0,75,3582,0.515912,0.426018
7,1.e4 c5 2.Nf3 d6 3.d4 cxd4 4.Nxd4 Nf6 5.Nc3 a6 6.Be2 e6,55,3214,0.537958,0.379589
8,1.e4 c5 2.Nf3 d6 3.d4 cxd4 4.Nxd4 Nf6 5.Nc3 a6 6.Be2 e6 7.0-0 Be7,65,1637,0.53207,0.403176
7,1.e4 c5 2.Nf3 d6 3.d4 cxd4 4.Nxd4 Nf6 5.Nc3 a6 6.Be3 e5,55,10044,0.533154,0.346873
8,1.e4 c5 2.Nf3 d6 3.d4 cxd4 4.Nxd4 Nf6 5.Nc3 a6 6.Be3 e5 7.Nb3 Be6,65,5147,0.5272,0.328152
9,1.e4 c5 2.Nf3 d6 3.d4 cxd4 4.Nxd4 Nf6 5.Nc3 a6 6.Be3 e5 7.Nb3 Be6 8.f3 Be7,74,1002,0.510479,0.340319
8,1.e4 c5 2.Nf3 d6 3.d4 cxd4 4.Nxd4 Nf6 5.Nc3 a6 6.Be3 e5 7.Nb3 Be7,65,2025,0.53432,0.293333
9,1.e4 c5 2.Nf3 d6 3.d4 cxd4 4.Nxd4 Nf6 5.Nc3 a6 6.Be3 e5 7.Nb3 Be7 8.f3 Be6,74,1081,0.528677,0.309898
8,1.e4 c5 2.Nf3 d6 3.d4 cxd4 4.Nxd4 Nf6 5.Nc3 a6 6.Be3 e5 7.Nf3 Be7,65,1649,0.532747,0.444511
9,1.e4 c5 2.Nf3 d6 3.d4 cxd4 4.Nxd4 Nf6 5.Nc3 a6 6.Be3 e5 7.Nf3 Be7 8.Bc4 0-0,75,1208,0.524006,0.476821
7,1.e4 c5 2.Nf3 d6 3.d4 cxd4 4.Nxd4 Nf6 5.Nc3 a6 6.Be3 e6,55,4117,0.544085,0.307019
8,1.e4 c5 2.Nf3 d6 3.d4 cxd4 4.Nxd4 Nf6 5.Nc3 a6 6.Be3 e6 7.f3 b5,63,1142,0.525831,0.288091
7,1.e4 c5 2.Nf3 d6 3.d4 cxd4 4.Nxd4 Nf6 5.Nc3 a6 6.Be3 Ng4,56,2142,0.529878,0.491129
8,1.e4 c5 2.Nf3 d6 3.d4 cxd4 4.Nxd4 Nf6 5.Nc3 a6 6.Be3 Ng4 7.Bc1 Nf6,66,1014,0.516272,0.600591
7,1.e4 c5 2.Nf3 d6 3.d4 cxd4 4.Nxd4 Nf6 5.Nc3 a6 6.Bg5 e6,55,9723,0.527872,0.326339
8,1.e4 c5 2.Nf3 d6 3.d4 cxd4 4.Nxd4 Nf6 5.Nc3 a6 6.Bg5 e6 7.f4 Be7,64,2155,0.542923,0.293271
9,1.e4 c5 2.Nf3 d6 3.d4 cxd4 4.Nxd4 Nf6 5.Nc3 a6 6.Bg5 e6 7.f4 Be7 8.Qf3 Qc7,74,1537,0.545217,0.297983
10,1.e4 c5 2.Nf3 d6 3.d4 cxd4 4.Nxd4 Nf6 5.Nc3 a6 6.Bg5 e6 7.f4 Be7 8.Qf3 Qc7 9.0-0-0 Nbd7,87,1347,0.54677,0.300668
8,1.e4 c5 2.Nf3 d6 3.d4 cxd4 4.Nxd4 Nf6 5.Nc3 a6 6.Bg5 e6 7.f4 h6,63,1142,0.488178,0.307355
8,1.e4 c5 2.Nf3 d6 3.d4 cxd4 4.Nxd4 Nf6 5.Nc3 a6 6.Bg5 e6 7.f4 Nbd7,65,1238,0.549273,0.323101
8,1.e4 c5 2.Nf3 d6 3.d4 cxd4 4.Nxd4 Nf6 5.Nc3 a6 6.Bg5 e6 7.f4 Qb6,64,2173,0.539346,0.40589
9,1.e4 c5 2.Nf3 d6 3.d4 cxd4 4.Nxd4 Nf6 5.Nc3 a6 6.Bg5 e6 7.f4 Qb6 8.Qd2 Qxb2,75,1038,0.530828,0.44894
7,1.e4 c5 2.Nf3 d6 3.d4 cxd4 4.Nxd4 Nf6 5.Nc3 a6 6.Bg5 Nbd7,57,3033,0.523244,0.263105
7,1.e4 c5 2.Nf3 d6 3.d4 cxd4 4.Nxd4 Nf6 5.Nc3 a6 6.f3 e5,54,2029,0.530803,0.277969
8,1.e4 c5 2.Nf3 d6 3.d4 cxd4 4.Nxd4 Nf6 5.Nc3 a6 6.f3 e5 7.Nb3 Be6,64,1644,0.52798,0.29562
7,1.e4 c5 2.Nf3 d6 3.d4 cxd4 4.Nxd4 Nf6 5.Nc3 a6 6.f4 e5,54,1657,0.528968,0.391671
8,1.e4 c5 2.Nf3 d6 3.d4 cxd4 4.Nxd4 Nf6 5.Nc3 a6 6.f4 e5 7.Nf3 Nbd7,65,1203,0.502493,0.423108
7,1.e4 c5 2.Nf3 d6 3.d4 cxd4 4.Nxd4 Nf6 5.Nc3 a6 6.g3 e5,54,1989,0.522373,0.36199
7,1.e4 c5 2.Nf3 d6 3.d4 cxd4 4.Nxd4 Nf6 5.Nc3 a6 6.h3 e5,54,2488,0.537781,0.280546
8,1.e4 c5 2.Nf3 d6 3.d4 cxd4 4.Nxd4 Nf6 5.Nc3 a6 6.h3 e5 7.Nde2 h5,64,1040,0.496153,0.290384
7,1.e4 c5 2.Nf3 d6 3.d4 cxd4 4.Nxd4 Nf6 5.Nc3 a6 6.h3 e6,54,2008,0.522659,0.303286
6,1.e4 c5 2.Nf3 d6 3.d4 cxd4 4.Nxd4 Nf6 5.Nc3 e6,46,3797,0.546747,0.370292
6,1.e4 c5 2.Nf3 d6 3.d4 cxd4 4.Nxd4 Nf6 5.Nc3 g6,46,15257,0.563577,0.325686
7,1.e4 c5 2.Nf3 d6 3.d4 cxd4 4.Nxd4 Nf6 5.Nc3 g6 6.Be2 Bg7,56,2006,0.526171,0.388334
8,1.e4 c5 2.Nf3 d6 3.d4 cxd4 4.Nxd4 Nf6 5.Nc3 g6 6.Be2 Bg7 7.0-0 0-0,66,1304,0.536042,0.384969
7,1.e4 c5 2.Nf3 d6 3.d4 cxd4 4.Nxd4 Nf6 5.Nc3 g6 6.Be3 Bg7,56,10012,0.577207,0.31622
8,1.e4 c5 2.Nf3 d6 3.d4 cxd4 4.Nxd4 Nf6 5.Nc3 g6 6.Be3 Bg7 7.f3 0-0,65,5358,0.581,0.31019
9,1.e4 c5 2.Nf3 d6 3.d4 cxd4 4.Nxd4 Nf6 5.Nc3 g6 6.Be3 Bg7 7.f3 0-0 8.Qd2 Nc6,75,4815,0.584008,0.314018
10,1.e4 c5 2.Nf3 d6 3.d4 cxd4 4.Nxd4 Nf6 5.Nc3 g6 6.Be3 Bg7 7.f3 0-0 8.Qd2 Nc6 9.0-0-0 d5,86,1511,0.589013,0.350761
10,1.e4 c5 2.Nf3 d6 3.d4 cxd4 4.Nxd4 Nf6 5.Nc3 g6 6.Be3 Bg7 7.f3 0-0 8.Qd2 Nc6 9.Bc4 Bd7,85,1837,0.565323,0.291235
8,1.e4 c5 2.Nf3 d6 3.d4 cxd4 4.Nxd4 Nf6 5.Nc3 g6 6.Be3 Bg7 7.f3 Nc6,65,3396,0.588928,0.322732
9,1.e4 c5 2.Nf3 d6 3.d4 cxd4 4.Nxd4 Nf6 5.Nc3 g6 6.Be3 Bg7 7.f3 Nc6 8.Qd2 0-0,75,2754,0.595315,0.336601
10,1.e4 c5 2.Nf3 d6 3.d4 cxd4 4.Nxd4 Nf6 5.Nc3 g6 6.Be3 Bg7 7.f3 Nc6 8.Qd2 0-0 9.Bc4 Bd7,85,1011,0.568743,0.300692
6,1.e4 c5 2.Nf3 d6 3.d4 cxd4 4.Nxd4 Nf6 5.Nc3 Nc6,47,20570,0.53629,0.348517
7,1.e4 c5 2.Nf3 d6 3.d4 cxd4 4.Nxd4 Nf6 5.Nc3 Nc6 6.Bc4 e6,56,1832,0.508187,0.319868
7,1.e4 c5 2.Nf3 d6 3.d4 cxd4 4.Nxd4 Nf6 5.Nc3 Nc6 6.Bc4 Qb6,57,1508,0.503647,0.341511
7,1.e4 c5 2.Nf3 d6 3.d4 cxd4 4.Nxd4 Nf6 5.Nc3 Nc6 6.Be2 e5,56,1232,0.530438,0.398538
7,1.e4 c5 2.Nf3 d6 3.d4 cxd4 4.Nxd4 Nf6 5.Nc3 Nc6 6.Bg5 Bd7,57,1393,0.571069,0.326633
7,1.e4 c5 2.Nf3 d6 3.d4 cxd4 4.Nxd4 Nf6 5.Nc3 Nc6 6.Bg5 e6,56,9491,0.551259,0.347487
8,1.e4 c5 2.Nf3 d6 3.d4 cxd4 4.Nxd4 Nf6 5.Nc3 Nc6 6.Bg5 e6 7.Qd2 a6,65,5833,0.548002,0.341676
9,1.e4 c5 2.Nf3 d6 3.d4 cxd4 4.Nxd4 Nf6 5.Nc3 Nc6 6.Bg5 e6 7.Qd2 a6 8.0-0-0 Bd7,77,3515,0.549928,0.31522
9,1.e4 c5 2.Nf3 d6 3.d4 cxd4 4.Nxd4 Nf6 5.Nc3 Nc6 6.Bg5 e6 7.Qd2 a6 8.0-0-0 h6,76,1479,0.550709,0.396889
8,1.e4 c5 2.Nf3 d6 3.d4 cxd4 4.Nxd4 Nf6 5.Nc3 Nc6 6.Bg5 e6 7.Qd2 Be7,66,2164,0.557532,0.37939
9,1.e4 c5 2.Nf3 d6 3.d4 cxd4 4.Nxd4 Nf6 5.Nc3 Nc6 6.Bg5 e6 7.Qd2 Be7 8.0-0-0 0-0,78,1292,0.556501,0.3839
5,1.e4 c5 2.Nf3 d6 3.d4 cxd4 4.Qxd4 a6,36,1748,0.531464,0.369565
5,1.e4 c5 2.Nf3 d6 3.d4 cxd4 4.Qxd4 Nc6,37,3459,0.543654,0.345475
6,1.e4 c5 2.Nf3 d6 3.d4 cxd4 4.Qxd4 Nc6 5.Bb5 Bd7,47,2571,0.545702,0.356281
7,1.e4 c5 2.Nf3 d6 3.d4 cxd4 4.Qxd4 Nc6 5.Bb5 Bd7 6.Bxc6 Bxc6,59,2109,0.534139,0.352299
8,1.e4 c5 2.Nf3 d6 3.d4 cxd4 4.Qxd4 Nc6 5.Bb5 Bd7 6.Bxc6 Bxc6 7.Nc3 Nf6,69,1301,0.541122,0.345887
9,1.e4 c5 2.Nf3 d6 3.d4 cxd4 4.Qxd4 Nc6 5.Bb5 Bd7 6.Bxc6 Bxc6 7.Nc3 Nf6 8.Bg5 e6,78,1216,0.532072,0.348684
10,1.e4 c5 2.Nf3 d6 3.d4 cxd4 4.Qxd4 Nc6 5.Bb5 Bd7 6.Bxc6 Bxc6 7.Nc3 Nf6 8.Bg5 e6 9.0-0-0 Be7,90,1111,0.533753,0.349234
5,1.e4 c5 2.Nf3 d6 3.d4 cxd4 4.Qxd4 Nf6,37,1138,0.508787,0.286467
5,1.e4 c5 2.Nf3 d6 3.d4 Nf6 4.Nc3 cxd4,36,5785,0.522644,0.3414
6,1.e4 c5 2.Nf3 d6 3.d4 Nf6 4.Nc3 cxd4 5.Nxd4 a6,46,3112,0.516709,0.347043
5,1.e4 c5 2.Nf3 e6 3.c3 d5 4.exd5 exd5,36,1275,0.503529,0.484705
5,1.e4 c5 2.Nf3 e6 3.c3 d5 4.exd5 Qxd5,36,1876,0.521055,0.456823
6,1.e4 c5 2.Nf3 e6 3.c3 d5 4.exd5 Qxd5 5.d4 Nf6,45,1579,0.516149,0.463584
5,1.e4 c5 2.Nf3 e6 3.c3 Nf6 4.e5 Nd5,34,3615,0.522821,0.383955
6,1.e4 c5 2.Nf3 e6 3.c3 Nf6 4.e5 Nd5 5.d4 cxd4,44,2445,0.511656,0.384458
7,1.e4 c5 2.Nf3 e6 3.c3 Nf6 4.e5 Nd5 5.d4 cxd4 6.cxd4 d6,54,1528,0.51767,0.407068
5,1.e4 c5 2.Nf3 e6 3.d3 Nc6 4.g3 d5,33,1199,0.542118,0.331943
5,1.e4 c5 2.Nf3 e6 3.d3 Nc6 4.g3 g6,33,1208,0.500827,0.35596
5,1.e4 c5 2.Nf3 e6 3.d4 cxd4 4.Nxd4 a6,36,28734,0.530921,0.348402
6,1.e4 c5 2.Nf3 e6 3.d4 cxd4 4.Nxd4 a6 5.Bd3 Bc5,46,4570,0.520787,0.353172
7,1.e4 c5 2.Nf3 e6 3.d4 cxd4 4.Nxd4 a6 5.Bd3 Bc5 6.Nb3 Ba7,56,2144,0.536613,0.352145
7,1.e4 c5 2.Nf3 e6 3.d4 cxd4 4.Nxd4 a6 5.Bd3 Bc5 6.Nb3 Be7,56,2201,0.504316,0.351658
6,1.e4 c5 2.Nf3 e6 3.d4 cxd4 4.Nxd4 a6 5.Bd3 Nf6,46,4216,0.531902,0.388282
7,1.e4 c5 2.Nf3 e6 3.d4 cxd4 4.Nxd4 a6 5.Bd3 Nf6 6.0-0 d6,55,1550,0.543225,0.415483
7,1.e4 c5 2.Nf3 e6 3.d4 cxd4 4.Nxd4 a6 5.Bd3 Nf6 6.0-0 Qc7,56,1988,0.540492,0.373742
8,1.e4 c5 2.Nf3 e6 3.d4 cxd4 4.Nxd4 a6 5.Bd3 Nf6 6.0-0 Qc7 7.Qe2 d6,65,1217,0.554642,0.386195
6,1.e4 c5 2.Nf3 e6 3.d4 cxd4 4.Nxd4 a6 5.Bd3 Qc7,46,1479,0.55578,0.293441
6,1.e4 c5 2.Nf3 e6 3.d4 cxd4 4.Nxd4 a6 5.c4 Nf6,45,3315,0.544193,0.36018
7,1.e4 c5 2.Nf3 e6 3.d4 cxd4 4.Nxd4 a6 5.c4 Nf6 6.Nc3 Bb4,55,1086,0.561694,0.390423
7,1.e4 c5 2.Nf3 e6 3.d4 cxd4 4.Nxd4 a6 5.c4 Nf6 6.Nc3 Qc7,55,1808,0.538993,0.351216
6,1.e4 c5 2.Nf3 e6 3.d4 cxd4 4.Nxd4 a6 5.Nc3 b5,45,2536,0.493099,0.321372
7,1.e4 c5 2.Nf3 e6 3.d4 cxd4 4.Nxd4 a6 5.Nc3 b5 6.Bd3 Qb6,55,1041,0.486551,0.325648
6,1.e4 c5 2.Nf3 e6 3.d4 cxd4 4.Nxd4 a6 5.Nc3 Qc7,46,6139,0.52085,0.343541
7,1.e4 c5 2.Nf3 e6 3.d4 cxd4 4.Nxd4 a6 5.Nc3 Qc7 6.Bd3 Nf6,56,1520,0.545723,0.330921
5,1.e4 c5 2.Nf3 e6 3.d4 cxd4 4.Nxd4 Nc6,37,26454,0.537517,0.368148
6,1.e4 c5 2.Nf3 e6 3.d4 cxd4 4.Nxd4 Nc6 5.Nb5 d6,46,2463,0.505278,0.416971
7,1.e4 c5 2.Nf3 e6 3.d4 cxd4 4.Nxd4 Nc6 5.Nb5 d6 6.c4 Nf6,55,1669,0.491611,0.40683
8,1.e4 c5 2.Nf3 e6 3.d4 cxd4 4.Nxd4 Nc6 5.Nb5 d6 6.c4 Nf6 7.N1c3 a6,65,1400,0.493928,0.406428
6,1.e4 c5 2.Nf3 e6 3.d4 cxd4 4.Nxd4 Nc6 5.Nc3 a6,46,4097,0.543934,0.380034
7,1.e4 c5 2.Nf3 e6 3.d4 cxd4 4.Nxd4 Nc6 5.Nc3 a6 6.Nxc6 bxc6,58,1124,0.556494,0.370996
6,1.e4 c5 2.Nf3 e6 3.d4 cxd4 4.Nxd4 Nc6 5.Nc3 d6,46,1814,0.546857,0.367144
6,1.e4 c5 2.Nf3 e6 3.d4 cxd4 4.Nxd4 Nc6 5.Nc3 Qc7,47,15778,0.543414,0.362023
7,1.e4 c5 2.Nf3 e6 3.d4 cxd4 4.Nxd4 Nc6 5.Nc3 Qc7 6.Be2 a6,56,3133,0.552345,0.405681
8,1.e4 c5 2.Nf3 e6 3.d4 cxd4 4.Nxd4 Nc6 5.Nc3 Qc7 6.Be2 a6 7.0-0 Nf6,66,2429,0.549403,0.419514
7,1.e4 c5 2.Nf3 e6 3.d4 cxd4 4.Nxd4 Nc6 5.Nc3 Qc7 6.Be3 a6,56,6413,0.543583,0.326836
8,1.e4 c5 2.Nf3 e6 3.d4 cxd4 4.Nxd4 Nc6 5.Nc3 Qc7 6.Be3 a6 7.Qd2 Nf6,66,2199,0.564802,0.331059
7,1.e4 c5 2.Nf3 e6 3.d4 cxd4 4.Nxd4 Nc6 5.Nc3 Qc7 6.g3 a6,55,2189,0.515532,0.423481
8,1.e4 c5 2.Nf3 e6 3.d4 cxd4 4.Nxd4 Nc6 5.Nc3 Qc7 6.g3 a6 7.Bg2 Nf6,65,1311,0.529366,0.425629
5,1.e4 c5 2.Nf3 e6 3.d4 cxd4 4.Nxd4 Nf6,37,16450,0.549604,0.369848
6,1.e4 c5 2.Nf3 e6 3.d4 cxd4 4.Nxd4 Nf6 5.Nc3 d6,46,7777,0.549826,0.357464
7,1.e4 c5 2.Nf3 e6 3.d4 cxd4 4.Nxd4 Nf6 5.Nc3 d6 6.Be2 Be7,56,1269,0.521276,0.429472
7,1.e4 c5 2.Nf3 e6 3.d4 cxd4 4.Nxd4 Nf6 5.Nc3 d6 6.g4 h6,54,1394,0.583931,0.352941
6,1.e4 c5 2.Nf3 e6 3.d4 cxd4 4.Nxd4 Nf6 5.Nc3 Nc6,47,6979,0.55144,0.390457
7,1.e4 c5 2.Nf3 e6 3.d4 cxd4 4.Nxd4 Nf6 5.Nc3 Nc6 6.Ndb5 Bb4,58,1105,0.587782,0.529411
8,1.e4 c5 2.Nf3 e6 3.d4 cxd4 4.Nxd4 Nf6 5.Nc3 Nc6 6.Ndb5 Bb4 7.a3 Bxc3+,69,1029,0.58309,0.542274
9,1.e4 c5 2.Nf3 e6 3.d4 cxd4 4.Nxd4 Nf6 5.Nc3 Nc6 6.Ndb5 Bb4 7.a3 Bxc3+ 8.Nxc3 d5,79,1005,0.582587,0.540298
7,1.e4 c5 2.Nf3 e6 3.d4 cxd4 4.Nxd4 Nf6 5.Nc3 Nc6 6.Ndb5 d6,57,1970,0.54467,0.434517
8,1.e4 c5 2.Nf3 e6 3.d4 cxd4 4.Nxd4 Nf6 5.Nc3 Nc6 6.Ndb5 d6 7.Bf4 e5,66,1953,0.544034,0.435739
9,1.e4 c5 2.Nf3 e6 3.d4 cxd4 4.Nxd4 Nf6 5.Nc3 Nc6 6.Ndb5 d6 7.Bf4 e5 8.Bg5 a6,75,1912,0.544456,0.437238
10,1.e4 c5 2.Nf3 e6 3.d4 cxd4 4.Nxd4 Nf6 5.Nc3 Nc6 6.Ndb5 d6 7.Bf4 e5 8.Bg5 a6 9.Na3 b5,84,1710,0.541812,0.449707
7,1.e4 c5 2.Nf3 e6 3.d4 cxd4 4.Nxd4 Nf6 5.Nc3 Nc6 6.Nxc6 bxc6,59,1626,0.56888,0.332103
8,1.e4 c5 2.Nf3 e6 3.d4 cxd4 4.Nxd4 Nf6 5.Nc3 Nc6 6.Nxc6 bxc6 7.e5 Nd5,68,1479,0.569641,0.338742
5,1.e4 c5 2.Nf3 e6 3.g3 Nc6 4.Bg2 Nf6,35,2040,0.506862,0.329411
5,1.e4 c5 2.Nf3 e6 3.Nc3 a6 4.d4 cxd4,35,2034,0.528761,0.351524
6,1.e4 c5 2.Nf3 e6 3.Nc3 a6 4.d4 cxd4 5.Nxd4 Qc7,46,1127,0.530168,0.348713
5,1.e4 c5 2.Nf3 e6 3.Nc3 Nc6 4.d4 cxd4,36,1431,0.544374,0.39972
5,1.e4 c5 2.Nf3 g6 3.d4 cxd4 4.Nxd4 Bg7,37,1610,0.544409,0.328571
5,1.e4 c5 2.Nf3 g6 3.d4 cxd4 4.Nxd4 Nc6,37,1599,0.557223,0.412757
5,1.e4 c5 2.Nf3 g6 3.d4 cxd4 4.Qxd4 Nf6,37,1177,0.550977,0.315208
5,1.e4 c5 2.Nf3 Nc6 3.Bb5 d6 4.0-0 Bd7,36,2726,0.562362,0.411592
6,1.e4 c5 2.Nf3 Nc6 3.Bb5 d6 4.0-0 Bd7 5.Re1 Nf6,46,1508,0.558023,0.418435
7,1.e4 c5 2.Nf3 Nc6 3.Bb5 d6 4.0-0 Bd7 5.Re1 Nf6 6.c3 a6,54,1166,0.545883,0.410806
5,1.e4 c5 2.Nf3 Nc6 3.Bb5 e6 4.0-0 Nge7,37,4886,0.530085,0.378632
6,1.e4 c5 2.Nf3 Nc6 3.Bb5 e6 4.0-0 Nge7 5.Re1 a6,46,1398,0.54113,0.396995
5,1.e4 c5 2.Nf3 Nc6 3.Bb5 e6 4.Bxc6 bxc6,38,2380,0.529411,0.322689
5,1.e4 c5 2.Nf3 Nc6 3.Bb5 g6 4.0-0 Bg7,36,8081,0.559398,0.366662
6,1.e4 c5 2.Nf3 Nc6 3.Bb5 g6 4.0-0 Bg7 5.c3 Nf6,45,2610,0.546934,0.377394
7,1.e4 c5 2.Nf3 Nc6 3.Bb5 g6 4.0-0 Bg7 5.c3 Nf6 6.Re1 0-0,55,1768,0.555147,0.376131
6,1.e4 c5 2.Nf3 Nc6 3.Bb5 g6 4.0-0 Bg7 5.Re1 e5,45,1312,0.554878,0.355182
6,1.e4 c5 2.Nf3 Nc6 3.Bb5 g6 4.0-0 Bg7 5.Re1 Nf6,46,1793,0.56107,0.4116
5,1.e4 c5 2.Nf3 Nc6 3.Bb5 g6 4.Bxc6 bxc6,38,2126,0.577845,0.364534
6,1.e4 c5 2.Nf3 Nc6 3.Bb5 g6 4.Bxc6 bxc6 5.0-0 Bg7,48,1791,0.573981,0.371859
5,1.e4 c5 2.Nf3 Nc6 3.Bb5 g6 4.Bxc6 dxc6,38,3959,0.592573,0.365243
6,1.e4 c5 2.Nf3 Nc6 3.Bb5 g6 4.Bxc6 dxc6 5.d3 Bg7,47,2861,0.592624,0.368053
7,1.e4 c5 2.Nf3 Nc6 3.Bb5 g6 4.Bxc6 dxc6 5.d3 Bg7 6.h3 Nf6,56,1379,0.599709,0.379985
5,1.e4 c5 2.Nf3 Nc6 3.c3 d5 4.exd5 Qxd5,37,1255,0.556573,0.399203
5,1.e4 c5 2.Nf3 Nc6 3.c3 Nf6 4.e5 Nd5,35,1645,0.5231,0.368996
6,1.e4 c5 2.Nf3 Nc6 3.c3 Nf6 4.e5 Nd5 5.d4 cxd4,45,1064,0.49953,0.386278
5,1.e4 c5 2.Nf3 Nc6 3.d4 cxd4 4.Nxd4 e5,37,8198,0.537753,0.380214
6,1.e4 c5 2.Nf3 Nc6 3.d4 cxd4 4.Nxd4 e5 5.Nb5 a6,46,1266,0.581358,0.402843
7,1.e4 c5 2.Nf3 Nc6 3.d4 cxd4 4.Nxd4 e5 5.Nb5 a6 6.Nd6+ Bxd6,58,1218,0.585796,0.41133
6,1.e4 c5 2.Nf3 Nc6 3.d4 cxd4 4.Nxd4 e5 5.Nb5 d6,46,6482,0.532783,0.378741
7,1.e4 c5 2.Nf3 Nc6 3.d4 cxd4 4.Nxd4 e5 5.Nb5 d6 6.c4 Be7,55,1953,0.548131,0.406041
8,1.e4 c5 2.Nf3 Nc6 3.d4 cxd4 4.Nxd4 e5 5.Nb5 d6 6.c4 Be7 7.N1c3 a6,65,1236,0.553398,0.409385
7,1.e4 c5 2.Nf3 Nc6 3.d4 cxd4 4.Nxd4 e5 5.Nb5 d6 6.N1c3 a6,56,3006,0.524617,0.372588
8,1.e4 c5 2.Nf3 Nc6 3.d4 cxd4 4.Nxd4 e5 5.Nb5 d6 6.N1c3 a6 7.Na3 b5,65,1704,0.537852,0.35622
5,1.e4 c5 2.Nf3 Nc6 3.d4 cxd4 4.Nxd4 e6,37,3510,0.510541,0.39943
6,1.e4 c5 2.Nf3 Nc6 3.d4 cxd4 4.Nxd4 e6 5.Nc3 Qc7,47,1748,0.515446,0.397025
5,1.e4 c5 2.Nf3 Nc6 3.d4 cxd4 4.Nxd4 g6,37,11096,0.535688,0.416186
6,1.e4 c5 2.Nf3 Nc6 3.d4 cxd4 4.Nxd4 g6 5.c4 Bg7,46,3274,0.562767,0.421808
7,1.e4 c5 2.Nf3 Nc6 3.d4 cxd4 4.Nxd4 g6 5.c4 Bg7 6.Be3 Nf6,56,2671,0.570385,0.432422
8,1.e4 c5 2.Nf3 Nc6 3.d4 cxd4 4.Nxd4 g6 5.c4 Bg7 6.Be3 Nf6 7.Nc3 0-0,66,1410,0.558865,0.434042
9,1.e4 c5 2.Nf3 Nc6 3.d4 cxd4 4.Nxd4 g6 5.c4 Bg7 6.Be3 Nf6 7.Nc3 0-0 8.Be2 d6,75,1002,0.558383,0.444111
6,1.e4 c5 2.Nf3 Nc6 3.d4 cxd4 4.Nxd4 g6 5.c4 Nf6,46,2766,0.546095,0.491323
7,1.e4 c5 2.Nf3 Nc6 3.d4 cxd4 4.Nxd4 g6 5.c4 Nf6 6.Nc3 d6,55,1968,0.545731,0.490853
8,1.e4 c5 2.Nf3 Nc6 3.d4 cxd4 4.Nxd4 g6 5.c4 Nf6 6.Nc3 d6 7.Be2 Nxd4,66,1379,0.54496,0.524292
9,1.e4 c5 2.Nf3 Nc6 3.d4 cxd4 4.Nxd4 g6 5.c4 Nf6 6.Nc3 d6 7.Be2 Nxd4 8.Qxd4 Bg7,77,1377,0.545025,0.523602
6,1.e4 c5 2.Nf3 Nc6 3.d4 cxd4 4.Nxd4 g6 5.Nc3 Bg7,47,4260,0.518075,0.376056
7,1.e4 c5 2.Nf3 Nc6 3.d4 cxd4 4.Nxd4 g6 5.Nc3 Bg7 6.Be3 Nf6,57,3633,0.517065,0.379025
8,1.e4 c5 2.Nf3 Nc6 3.d4 cxd4 4.Nxd4 g6 5.Nc3 Bg7 6.Be3 Nf6 7.Bc4 0-0,67,1969,0.533519,0.387506
5,1.e4 c5 2.Nf3 Nc6 3.d4 cxd4 4.Nxd4 Nf6,38,31000,0.533225,0.39587
6,1.e4 c5 2.Nf3 Nc6 3.d4 cxd4 4.Nxd4 Nf6 5.Nc3 d6,47,12742,0.524328,0.359912
7,1.e4 c5 2.Nf3 Nc6 3.d4 cxd4 4.Nxd4 Nf6 5.Nc3 d6 6.Bc4 e6,56,1219,0.520508,0.309269
7,1.e4 c5 2.Nf3 Nc6 3.d4 cxd4 4.Nxd4 Nf6 5.Nc3 d6 6.Bc4 Qb6,57,1020,0.50196,0.349019
7,1.e4 c5 2.Nf3 Nc6 3.d4 cxd4 4.Nxd4 Nf6 5.Nc3 d6 6.Bg5 e6,56,5465,0.537602,0.350594
8,1.e4 c5 2.Nf3 Nc6 3.d4 cxd4 4.Nxd4 Nf6 5.Nc3 d6 6.Bg5 e6 7.Qd2 a6,65,3511,0.538023,0.337225
9,1.e4 c5 2.Nf3 Nc6 3.d4 cxd4 4.Nxd4 Nf6 5.Nc3 d6 6.Bg5 e6 7.Qd2 a6 8.0-0-0 Bd7,77,1914,0.535005,0.315569
9,1.e4 c5 2.Nf3 Nc6 3.d4 cxd4 4.Nxd4 Nf6 5.Nc3 d6 6.Bg5 e6 7.Qd2 a6 8.0-0-0 h6,76,1153,0.551604,0.359063
8,1.e4 c5 2.Nf3 Nc6 3.d4 cxd4 4.Nxd4 Nf6 5.Nc3 d6 6.Bg5 e6 7.Qd2 Be7,66,1297,0.540092,0.39707
6,1.e4 c5 2.Nf3 Nc6 3.d4 cxd4 4.Nxd4 Nf6 5.Nc3 e5,47,15592,0.539154,0.424127
7,1.e4 c5 2.Nf3 Nc6 3.d4 cxd4 4.Nxd4 Nf6 5.Nc3 e5 6.Ndb5 d6,57,14909,0.540344,0.425783
8,1.e4 c5 2.Nf3 Nc6 3.d4 cxd4 4.Nxd4 Nf6 5.Nc3 e5 6.Ndb5 d6 7.Bg5 a6,66,12358,0.54228,0.447402
9,1.e4 c5 2.Nf3 Nc6 3.d4 cxd4 4.Nxd4 Nf6 5.Nc3 e5 6.Ndb5 d6 7.Bg5 a6 8.Na3 b5,75,11328,0.542284,0.457627
10,1.e4 c5 2.Nf3 Nc6 3.d4 cxd4 4.Nxd4 Nf6 5.Nc3 e5 6.Ndb5 d6 7.Bg5 a6 8.Na3 b5 9.Bxf6 gxf6,87,4427,0.552066,0.382651
11,1.e4 c5 2.Nf3 Nc6 3.d4 cxd4 4.Nxd4 Nf6 5.Nc3 e5 6.Ndb5 d6 7.Bg5 a6 8.Na3 b5 9.Bxf6 gxf6 10.Nd5 Bg7,98,1711,0.550263,0.36879
11,1.e4 c5 2.Nf3 Nc6 3.d4 cxd4 4.Nxd4 Nf6 5.Nc3 e5 6.Ndb5 d6 7.Bg5 a6 8.Na3 b5 9.Bxf6 gxf6 10.Nd5 f5,97,2666,0.552513,0.389347
12,1.e4 c5 2.Nf3 Nc6 3.d4 cxd4 4.Nxd4 Nf6 5.Nc3 e5 6.Ndb5 d6 7.Bg5 a6 8.Na3 b5 9.Bxf6 gxf6 10.Nd5 f5 11.Bd3 Be6,108,1207,0.565037,0.396023
10,1.e4 c5 2.Nf3 Nc6 3.d4 cxd4 4.Nxd4 Nf6 5.Nc3 e5 6.Ndb5 d6 7.Bg5 a6 8.Na3 b5 9.Nd5 Be7,85,5665,0.539011,0.441129
11,1.e4 c5 2.Nf3 Nc6 3.d4 cxd4 4.Nxd4 Nf6 5.Nc3 e5 6.Ndb5 d6 7.Bg5 a6 8.Na3 b5 9.Nd5 Be7 10.Bxf6 Bxf6,98,5270,0.541271,0.439278
12,1.e4 c5 2.Nf3 Nc6 3.d4 cxd4 4.Nxd4 Nf6 5.Nc3 e5 6.Ndb5 d6 7.Bg5 a6 8.Na3 b5 9.Nd5 Be7 10.Bxf6 Bxf6 11.c3 0-0,108,1462,0.545143,0.4487
12,1.e4 c5 2.Nf3 Nc6 3.d4 cxd4 4.Nxd4 Nf6 5.Nc3 e5 6.Ndb5 d6 7.Bg5 a6 8.Na3 b5 9.Nd5 Be7 10.Bxf6 Bxf6 11.c3 Bg5,108,1062,0.518832,0.485875
12,1.e4 c5 2.Nf3 Nc6 3.d4 cxd4 4.Nxd4 Nf6 5.Nc3 e5 6.Ndb5 d6 7.Bg5 a6 8.Na3 b5 9.Nd5 Be7 10.Bxf6 Bxf6 11.c4 b4,107,1420,0.564436,0.396478
10,1.e4 c5 2.Nf3 Nc6 3.d4 cxd4 4.Nxd4 Nf6 5.Nc3 e5 6.Ndb5 d6 7.Bg5 a6 8.Na3 b5 9.Nd5 Qa5+,86,1066,0.522983,0.841463
11,1.e4 c5 2.Nf3 Nc6 3.d4 cxd4 4.Nxd4 Nf6 5.Nc3 e5 6.Ndb5 d6 7.Bg5 a6 8.Na3 b5 9.Nd5 Qa5+ 10.Bd2 Qd8,97,1052,0.522338,0.843155
8,1.e4 c5 2.Nf3 Nc6 3.d4 cxd4 4.Nxd4 Nf6 5.Nc3 e5 6.Ndb5 d6 7.Nd5 Nxd5,68,1857,0.533656,0.311254
9,1.e4 c5 2.Nf3 Nc6 3.d4 cxd4 4.Nxd4 Nf6 5.Nc3 e5 6.Ndb5 d6 7.Nd5 Nxd5 8.exd5 Nb8,79,1352,0.525147,0.307692
6,1.e4 c5 2.Nf3 Nc6 3.d4 cxd4 4.Nxd4 Nf6 5.Nc3 e6,47,1735,0.542074,0.439769
5,1.e4 c5 2.Nf3 Nc6 3.d4 cxd4 4.Nxd4 Qb6,38,3043,0.506408,0.324022
6,1.e4 c5 2.Nf3 Nc6 3.d4 cxd4 4.Nxd4 Qb6 5.Nb3 Nf6,48,2686,0.510796,0.319434
7,1.e4 c5 2.Nf3 Nc6 3.d4 cxd4 4.Nxd4 Qb6 5.Nb3 Nf6 6.Nc3 e6,57,2484,0.514291,0.317632
5,1.e4 c5 2.Nf3 Nc6 3.d4 cxd4 4.Nxd4 Qc7,38,2808,0.520655,0.410256
6,1.e4 c5 2.Nf3 Nc6 3.d4 cxd4 4.Nxd4 Qc7 5.Nc3 e6,47,2325,0.52387,0.413763
5,1.e4 c5 2.Nf3 Nc6 3.Nc3 d6 4.d4 cxd4,36,1434,0.55509,0.364016
6,1.e4 c5 2.Nf3 Nc6 3.Nc3 d6 4.d4 cxd4 5.Nxd4 Nf6,47,1204,0.550664,0.365448
5,1.e4 c5 2.Nf3 Nc6 3.Nc3 e5 4.Bc4 Be7,36,1256,0.570859,0.420382
5,1.e4 c5 2.Nf3 Nc6 3.Nc3 e6 4.d4 cxd4,36,1408,0.561079,0.387784
5,1.e4 c5 2.Nf3 Nc6 3.Nc3 g6 4.d4 cxd4,36,1834,0.565703,0.385496
6,1.e4 c5 2.Nf3 Nc6 3.Nc3 g6 4.d4 cxd4 5.Nxd4 Bg7,47,1831,0.565264,0.385581
7,1.e4 c5 2.Nf3 Nc6 3.Nc3 g6 4.d4 cxd4 5.Nxd4 Bg7 6.Be3 Nf6,57,1372,0.562317,0.387026
5,1.e4 c6 2.c4 d5 3.cxd5 cxd5 4.exd5 Nf6,38,1274,0.561616,0.372841
5,1.e4 c6 2.c4 d5 3.exd5 cxd5 4.cxd5 Nf6,38,1426,0.510869,0.420056
5,1.e4 c6 2.d3 d5 3.Nd2 e5 4.Ngf3 Bd6,35,1048,0.511927,0.376908
5,1.e4 c6 2.d4 d5 3.e5 Bf5 4.h4 h5,32,3504,0.561358,0.290525
6,1.e4 c6 2.d4 d5 3.e5 Bf5 4.h4 h5 5.Bd3 Bxd3,43,1882,0.555791,0.300743
7,1.e4 c6 2.d4 d5 3.e5 Bf5 4.h4 h5 5.Bd3 Bxd3 6.Qxd3 Qa5+,55,1037,0.525554,0.318225
6,1.e4 c6 2.d4 d5 3.e5 Bf5 4.h4 h5 5.c4 e6,40,1157,0.566551,0.280898
5,1.e4 c6 2.d4 d5 3.e5 Bf5 4.Nc3 e6,33,1557,0.5,0.265253
6,1.e4 c6 2.d4 d5 3.e5 Bf5 4.Nc3 e6 5.g4 Bg6,42,1505,0.501661,0.26578
5,1.e4 c6 2.d4 d5 3.e5 Bf5 4.Nd2 e6,33,1865,0.545308,0.344235
6,1.e4 c6 2.d4 d5 3.e5 Bf5 4.Nd2 e6 5.Nb3 Nd7,43,1433,0.546406,0.350314
5,1.e4 c6 2.d4 d5 3.e5 Bf5 4.Nf3 e6,33,8809,0.553127,0.344079
6,1.e4 c6 2.d4 d5 3.e5 Bf5 4.Nf3 e6 5.Be2 c5,42,2171,0.563334,0.385076
6,1.e4 c6 2.d4 d5 3.e5 Bf5 4.Nf3 e6 5.Be2 Nd7,43,3076,0.562256,0.333875
6,1.e4 c6 2.d4 d5 3.e5 Bf5 4.Nf3 e6 5.Be2 Ne7,43,2389,0.537254,0.315194
5,1.e4 c6 2.d4 d5 3.e5 c5 4.dxc5 e6,33,2378,0.538687,0.275862
5,1.e4 c6 2.d4 d5 3.e5 c5 4.dxc5 Nc6,34,1239,0.566585,0.288942
5,1.e4 c6 2.d4 d5 3.exd5 cxd5 4.Bd3 Nc6,37,5465,0.515827,0.381701
6,1.e4 c6 2.d4 d5 3.exd5 cxd5 4.Bd3 Nc6 5.c3 Nf6,46,2876,0.52799,0.42107
7,1.e4 c6 2.d4 d5 3.exd5 cxd5 4.Bd3 Nc6 5.c3 Nf6 6.Bf4 Bg4,56,1342,0.519374,0.447093
6,1.e4 c6 2.d4 d5 3.exd5 cxd5 4.Bd3 Nc6 5.c3 Qc7,46,1747,0.499713,0.317115
5,1.e4 c6 2.d4 d5 3.exd5 cxd5 4.Bd3 Nf6,37,1129,0.511514,0.31798
5,1.e4 c6 2.d4 d5 3.exd5 cxd5 4.c4 Nf6,36,8822,0.526524,0.441169
6,1.e4 c6 2.d4 d5 3.exd5 cxd5 4.c4 Nf6 5.Nc3 e6,45,4095,0.534798,0.438583
7,1.e4 c6 2.d4 d5 3.exd5 cxd5 4.c4 Nf6 5.Nc3 e6 6.Nf3 Bb4,55,2287,0.518801,0.461303
8,1.e4 c6 2.d4 d5 3.exd5 cxd5 4.c4 Nf6 5.Nc3 e6 6.Nf3 Bb4 7.cxd5 Nxd5,67,1358,0.527614,0.441089
7,1.e4 c6 2.d4 d5 3.exd5 cxd5 4.c4 Nf6 5.Nc3 e6 6.Nf3 Be7,55,1263,0.573238,0.421219
6,1.e4 c6 2.d4 d5 3.exd5 cxd5 4.c4 Nf6 5.Nc3 g6,45,1604,0.534289,0.40773
6,1.e4 c6 2.d4 d5 3.exd5 cxd5 4.c4 Nf6 5.Nc3 Nc6,46,2935,0.513287,0.467802
5,1.e4 c6 2.d4 d5 3.Nc3 dxe4 4.Nxe4 Bf5,37,9067,0.517701,0.485938
6,1.e4 c6 2.d4 d5 3.Nc3 dxe4 4.Nxe4 Bf5 5.Ng3 Bg6,47,8588,0.51799,0.487773
7,1.e4 c6 2.d4 d5 3.Nc3 dxe4 4.Nxe4 Bf5 5.Ng3 Bg6 6.h4 h6,55,5600,0.522142,0.486428
8,1.e4 c6 2.d4 d5 3.Nc3 dxe4 4.Nxe4 Bf5 5.Ng3 Bg6 6.h4 h6 7.Nf3 Nd7,65,3842,0.531233,0.510671
9,1.e4 c6 2.d4 d5 3.Nc3 dxe4 4.Nxe4 Bf5 5.Ng3 Bg6 6.h4 h6 7.Nf3 Nd7 8.h5 Bh7,74,3657,0.533634,0.510527
10,1.e4 c6 2.d4 d5 3.Nc3 dxe4 4.Nxe4 Bf5 5.Ng3 Bg6 6.h4 h6 7.Nf3 Nd7 8.h5 Bh7 9.Bd3 Bxd3,85,3635,0.533149,0.511141
11,1.e4 c6 2.d4 d5 3.Nc3 dxe4 4.Nxe4 Bf5 5.Ng3 Bg6 6.h4 h6 7.Nf3 Nd7 8.h5 Bh7 9.Bd3 Bxd3 10.Qxd3 e6,96,2782,0.527498,0.499281
12,1.e4 c6 2.d4 d5 3.Nc3 dxe4 4.Nxe4 Bf5 5.Ng3 Bg6 6.h4 h6 7.Nf3 Nd7 8.h5 Bh7 9.Bd3 Bxd3 10.Qxd3 e6 11.Bd2 Ngf6,108,1408,0.530894,0.47088
13,1.e4 c6 2.d4 d5 3.Nc3 dxe4 4.Nxe4 Bf5 5.Ng3 Bg6 6.h4 h6 7.Nf3 Nd7 8.h5 Bh7 9.Bd3 Bxd3 10.Qxd3 e6 11.Bd2 Ngf6 12.0-0-0 Be7,121,1094,0.524223,0.454296
7,1.e4 c6 2.d4 d5 3.Nc3 dxe4 4.Nxe4 Bf5 5.Ng3 Bg6 6.Nf3 Nd7,57,1111,0.50855,0.558055
5,1.e4 c6 2.d4 d5 3.Nc3 dxe4 4.Nxe4 Nd7,37,3359,0.54793,0.486156
6,1.e4 c6 2.d4 d5 3.Nc3 dxe4 4.Nxe4 Nd7 5.Nf3 Ngf6,48,1152,0.523003,0.565104
5,1.e4 c6 2.d4 d5 3.Nc3 dxe4 4.Nxe4 Nf6,37,4153,0.529376,0.337346
6,1.e4 c6 2.d4 d5 3.Nc3 dxe4 4.Nxe4 Nf6 5.Nxf6+ exf6,50,2817,0.519524,0.340433
7,1.e4 c6 2.d4 d5 3.Nc3 dxe4 4.Nxe4 Nf6 5.Nxf6+ exf6 6.c3 Bd6,59,1769,0.52572,0.31091
8,1.e4 c6 2.d4 d5 3.Nc3 dxe4 4.Nxe4 Nf6 5.Nxf6+ exf6 6.c3 Bd6 7.Bd3 0-0,69,1526,0.526867,0.310615
6,1.e4 c6 2.d4 d5 3.Nc3 dxe4 4.Nxe4 Nf6 5.Nxf6+ gxf6,50,1019,0.56526,0.35525
5,1.e4 c6 2.d4 d5 3.Nd2 dxe4 4.Nxe4 Bf5,37,5230,0.534703,0.492734
6,1.e4 c6 2.d4 d5 3.Nd2 dxe4 4.Nxe4 Bf5 5.Ng3 Bg6,47,4879,0.530231,0.491494
7,1.e4 c6 2.d4 d5 3.Nd2 dxe4 4.Nxe4 Bf5 5.Ng3 Bg6 6.h4 h6,55,3175,0.538267,0.48
8,1.e4 c6 2.d4 d5 3.Nd2 dxe4 4.Nxe4 Bf5 5.Ng3 Bg6 6.h4 h6 7.Nf3 Nd7,65,2116,0.544659,0.492911
9,1.e4 c6 2.d4 d5 3.Nd2 dxe4 4.Nxe4 Bf5 5.Ng3 Bg6 6.h4 h6 7.Nf3 Nd7 8.h5 Bh7,74,2022,0.545499,0.492581
10,1.e4 c6 2.d4 d5 3.Nd2 dxe4 4.Nxe4 Bf5 5.Ng3 Bg6 6.h4 h6 7.Nf3 Nd7 8.h5 Bh7 9.Bd3 Bxd3,85,2005,0.546384,0.492269
11,1.e4 c6 2.d4 d5 3.Nd2 dxe4 4.Nxe4 Bf5 5.Ng3 Bg6 6.h4 h6 7.Nf3 Nd7 8.h5 Bh7 9.Bd3 Bxd3 10.Qxd3 e6,96,1444,0.531855,0.477839
5,1.e4 c6 2.d4 d5 3.Nd2 dxe4 4.Nxe4 Nd7,37,2490,0.562449,0.470281
5,1.e4 c6 2.d4 d5 3.Nd2 dxe4 4.Nxe4 Nf6,37,2454,0.542176,0.36634
6,1.e4 c6 2.d4 d5 3.Nd2 dxe4 4.Nxe4 Nf6 5.Nxf6+ exf6,50,1616,0.520111,0.373143
7,1.e4 c6 2.d4 d5 3.Nd2 dxe4 4.Nxe4 Nf6 5.Nxf6+ exf6 6.c3 Bd6,59,1064,0.511278,0.334586
5,1.e4 c6 2.Nc3 d5 3.Nf3 Bg4 4.h3 Bxf3,36,2817,0.514022,0.404685
6,1.e4 c6 2.Nc3 d5 3.Nf3 Bg4 4.h3 Bxf3 5.Qxf3 e6,46,2044,0.514921,0.405577
5,1.e4 c6 2.Nc3 d5 3.Nf3 dxe4 4.Nxe4 Nf6,38,1864,0.521727,0.328862
5,1.e4 c6 2.Nf3 d5 3.Nc3 Bg4 4.h3 Bxf3,36,1352,0.524408,0.366863
6,1.e4 c6 2.Nf3 d5 3.Nc3 Bg4 4.h3 Bxf3 5.Qxf3 e6,46,1066,0.528142,0.371482
5,1.e4 c6 2.Nf3 d5 3.Nc3 dxe4 4.Nxe4 Nf6,38,1212,0.540016,0.311056
5,1.e4 d5 2.exd5 Qxd5 3.Nc3 Qa5 4.d4 c6,37,1348,0.567136,0.396884
5,1.e4 d5 2.exd5 Qxd5 3.Nc3 Qa5 4.d4 Nf6,38,4620,0.551623,0.34567
6,1.e4 d5 2.exd5 Qxd5 3.Nc3 Qa5 4.d4 Nf6 5.Nf3 c6,47,1182,0.555837,0.411167
5,1.e4 d5 2.exd5 Qxd5 3.Nc3 Qd6 4.d4 Nf6,38,4153,0.551288,0.400433
6,1.e4 d5 2.exd5 Qxd5 3.Nc3 Qd6 4.d4 Nf6 5.Nf3 a6,47,1118,0.573345,0.391771
6,1.e4 d5 2.exd5 Qxd5 3.Nc3 Qd6 4.d4 Nf6 5.Nf3 c6,47,1201,0.543297,0.437135
5,1.e4 d5 2.exd5 Qxd5 3.Nc3 Qd8 4.d4 Nf6,38,1186,0.561129,0.381956
5,1.e4 d6 2.d4 Nf6 3.Nc3 c6 4.f4 Qa5,34,1041,0.618635,0.299711
5,1.e4 d6 2.d4 Nf6 3.Nc3 e5 4.dxe5 dxe5,37,2280,0.498245,0.500877
6,1.e4 d6 2.d4 Nf6 3.Nc3 e5 4.dxe5 dxe5 5.Qxd8+ Kxd8,50,2257,0.498227,0.496677
5,1.e4 d6 2.d4 Nf6 3.Nc3 e5 4.Nf3 Nbd7,36,7699,0.563644,0.367969
6,1.e4 d6 2.d4 Nf6 3.Nc3 e5 4.Nf3 Nbd7 5.Bc4 Be7,46,6156,0.566439,0.392137
7,1.e4 d6 2.d4 Nf6 3.Nc3 e5 4.Nf3 Nbd7 5.Bc4 Be7 6.0-0 0-0,56,4771,0.569063,0.404946
8,1.e4 d6 2.d4 Nf6 3.Nc3 e5 4.Nf3 Nbd7 5.Bc4 Be7 6.0-0 0-0 7.a4 c6,64,1119,0.585344,0.353887
8,1.e4 d6 2.d4 Nf6 3.Nc3 e5 4.Nf3 Nbd7 5.Bc4 Be7 6.0-0 0-0 7.Re1 c6,65,2255,0.570953,0.434146
5,1.e4 d6 2.d4 Nf6 3.Nc3 g6 4.Be3 c6,34,1699,0.604178,0.299587
5,1.e4 d6 2.d4 Nf6 3.Nc3 g6 4.f4 Bg7,34,3737,0.558201,0.386941
6,1.e4 d6 2.d4 Nf6 3.Nc3 g6 4.f4 Bg7 5.Nf3 0-0,44,2175,0.553103,0.345747
6,1.e4 d6 2.d4 Nf6 3.Nc3 g6 4.f4 Bg7 5.Nf3 c5,43,1203,0.567747,0.472152
5,1.e4 d6 2.d4 Nf6 3.Nc3 g6 4.g3 Bg7,34,1163,0.549441,0.407566
6,1.e4 d6 2.d4 Nf6 3.Nc3 g6 4.g3 Bg7 5.Bg2 0-0,44,1106,0.547468,0.411392
5,1.e4 d6 2.d4 Nf6 3.Nc3 g6 4.Nf3 Bg7,35,3307,0.548986,0.444814
6,1.e4 d6 2.d4 Nf6 3.Nc3 g6 4.Nf3 Bg7 5.Be2 0-0,45,1988,0.547786,0.488933
5,1.e4 d6 2.d4 Nf6 3.Nc3 Nbd7 4.Nf3 e5,36,1180,0.526694,0.319491
5,1.e4 e5 2.Bc4 Nf6 3.d3 c6 4.Nf3 d5,34,1387,0.5447,0.401586
5,1.e4 e5 2.Nf3 d6 3.d4 exd4 4.Nxd4 Nf6,37,2604,0.548771,0.347158
6,1.e4 e5 2.Nf3 d6 3.d4 exd4 4.Nxd4 Nf6 5.Nc3 Be7,47,2337,0.553059,0.35216
5,1.e4 e5 2.Nf3 Nc6 3.Bb5 a6 4.Ba4 d6,35,5816,0.540491,0.370873
6,1.e4 e5 2.Nf3 Nc6 3.Bb5 a6 4.Ba4 d6 5.0-0 Bd7,45,1720,0.54593,0.360465
6,1.e4 e5 2.Nf3 Nc6 3.Bb5 a6 4.Ba4 d6 5.c3 Bd7,44,1248,0.552483,0.385416
5,1.e4 e5 2.Nf3 Nc6 3.Bb5 a6 4.Ba4 Nf6,36,68238,0.55206,0.45032
6,1.e4 e5 2.Nf3 Nc6 3.Bb5 a6 4.Ba4 Nf6 5.0-0 b5,45,8833,0.553775,0.410392
7,1.e4 e5 2.Nf3 Nc6 3.Bb5 a6 4.Ba4 Nf6 5.0-0 b5 6.Bb3 Bb7,55,2837,0.552696,0.379273
7,1.e4 e5 2.Nf3 Nc6 3.Bb5 a6 4.Ba4 Nf6 5.0-0 b5 6.Bb3 Bc5,55,4107,0.546627,0.400292
8,1.e4 e5 2.Nf3 Nc6 3.Bb5 a6 4.Ba4 Nf6 5.0-0 b5 6.Bb3 Bc5 7.a4 Rb8,64,1283,0.577162,0.451286
8,1.e4 e5 2.Nf3 Nc6 3.Bb5 a6 4.Ba4 Nf6 5.0-0 b5 6.Bb3 Bc5 7.c3 d6,63,1659,0.528631,0.366485
9,1.e4 e5 2.Nf3 Nc6 3.Bb5 a6 4.Ba4 Nf6 5.0-0 b5 6.Bb3 Bc5 7.c3 d6 8.d4 Bb6,72,1023,0.522971,0.359726
7,1.e4 e5 2.Nf3 Nc6 3.Bb5 a6 4.Ba4 Nf6 5.0-0 b5 6.Bb3 Be7,55,1749,0.571183,0.476843
6,1.e4 e5 2.Nf3 Nc6 3.Bb5 a6 4.Ba4 Nf6 5.0-0 Bc5,46,1796,0.520879,0.41481
7,1.e4 e5 2.Nf3 Nc6 3.Bb5 a6 4.Ba4 Nf6 5.0-0 Bc5 6.c3 b5,54,1066,0.53424,0.428705
6,1.e4 e5 2.Nf3 Nc6 3.Bb5 a6 4.Ba4 Nf6 5.0-0 Be7,46,40211,0.555022,0.479719
7,1.e4 e5 2.Nf3 Nc6 3.Bb5 a6 4.Ba4 Nf6 5.0-0 Be7 6.Bxc6 dxc6,58,1990,0.53819,0.476381
8,1.e4 e5 2.Nf3 Nc6 3.Bb5 a6 4.Ba4 Nf6 5.0-0 Be7 6.Bxc6 dxc6 7.d3 Nd7,67,1048,0.534351,0.51145
7,1.e4 e5 2.Nf3 Nc6 3.Bb5 a6 4.Ba4 Nf6 5.0-0 Be7 6.d3 b5,54,3441,0.569601,0.436501
8,1.e4 e5 2.Nf3 Nc6 3.Bb5 a6 4.Ba4 Nf6 5.0-0 Be7 6.d3 b5 7.Bb3 d6,63,2776,0.570785,0.439841
7,1.e4 e5 2.Nf3 Nc6 3.Bb5 a6 4.Ba4 Nf6 5.0-0 Be7 6.d3 d6,54,1148,0.55662,0.430313
7,1.e4 e5 2.Nf3 Nc6 3.Bb5 a6 4.Ba4 Nf6 5.0-0 Be7 6.Re1 b5,55,31886,0.555212,0.488521
8,1.e4 e5 2.Nf3 Nc6 3.Bb5 a6 4.Ba4 Nf6 5.0-0 Be7 6.Re1 b5 7.Bb3 0-0,65,10752,0.549944,0.468936
9,1.e4 e5 2.Nf3 Nc6 3.Bb5 a6 4.Ba4 Nf6 5.0-0 Be7 6.Re1 b5 7.Bb3 0-0 8.a4 b4,73,1202,0.558652,0.426788
9,1.e4 e5 2.Nf3 Nc6 3.Bb5 a6 4.Ba4 Nf6 5.0-0 Be7 6.Re1 b5 7.Bb3 0-0 8.a4 Bb7,74,1339,0.557132,0.433159
9,1.e4 e5 2.Nf3 Nc6 3.Bb5 a6 4.Ba4 Nf6 5.0-0 Be7 6.Re1 b5 7.Bb3 0-0 8.c3 d5,73,1781,0.524424,0.509825
10,1.e4 e5 2.Nf3 Nc6 3.Bb5 a6 4.Ba4 Nf6 5.0-0 Be7 6.Re1 b5 7.Bb3 0-0 8.c3 d5 9.exd5 Nxd5,85,1554,0.518661,0.525096
11,1.e4 e5 2.Nf3 Nc6 3.Bb5 a6 4.Ba4 Nf6 5.0-0 Be7 6.Re1 b5 7.Bb3 0-0 8.c3 d5 9.exd5 Nxd5 10.Nxe5 Nxe5,98,1504,0.521941,0.522606
12,1.e4 e5 2.Nf3 Nc6 3.Bb5 a6 4.Ba4 Nf6 5.0-0 Be7 6.Re1 b5 7.Bb3 0-0 8.c3 d5 9.exd5 Nxd5 10.Nxe5 Nxe5 11.Rxe5 c6,109,1362,0.519089,0.527165
9,1.e4 e5 2.Nf3 Nc6 3.Bb5 a6 4.Ba4 Nf6 5.0-0 Be7 6.Re1 b5 7.Bb3 0-0 8.c3 d6,73,2083,0.548247,0.573211
9,1.e4 e5 2.Nf3 Nc6 3.Bb5 a6 4.Ba4 Nf6 5.0-0 Be7 6.Re1 b5 7.Bb3 0-0 8.h3 Bb7,74,1530,0.563398,0.435294
8,1.e4 e5 2.Nf3 Nc6 3.Bb5 a6 4.Ba4 Nf6 5.0-0 Be7 6.Re1 b5 7.Bb3 d6,64,20950,0.557971,0.497899
9,1.e4 e5 2.Nf3 Nc6 3.Bb5 a6 4.Ba4 Nf6 5.0-0 Be7 6.Re1 b5 7.Bb3 d6 8.c3 0-0,73,19589,0.558604,0.499821
10,1.e4 e5 2.Nf3 Nc6 3.Bb5 a6 4.Ba4 Nf6 5.0-0 Be7 6.Re1 b5 7.Bb3 d6 8.c3 0-0 9.d4 Bg4,82,2122,0.555372,0.405749
10,1.e4 e5 2.Nf3 Nc6 3.Bb5 a6 4.Ba4 Nf6 5.0-0 Be7 6.Re1 b5 7.Bb3 d6 8.c3 0-0 9.h3 Bb7,82,4028,0.547418,0.585402
11,1.e4 e5 2.Nf3 Nc6 3.Bb5 a6 4.Ba4 Nf6 5.0-0 Be7 6.Re1 b5 7.Bb3 d6 8.c3 0-0 9.h3 Bb7 10.d4 Re8,92,3461,0.546662,0.60965
12,1.e4 e5 2.Nf3 Nc6 3.Bb5 a6 4.Ba4 Nf6 5.0-0 Be7 6.Re1 b5 7.Bb3 d6 8.c3 0-0 9.h3 Bb7 10.d4 Re8 11.Nbd2 Bf8,104,1430,0.588461,0.40909
12,1.e4 e5 2.Nf3 Nc6 3.Bb5 a6 4.Ba4 Nf6 5.0-0 Be7 6.Re1 b5 7.Bb3 d6 8.c3 0-0 9.h3 Bb7 10.d4 Re8 11.Ng5 Rf8,103,1591,0.502199,0.81961
13,1.e4 e5 2.Nf3 Nc6 3.Bb5 a6 4.Ba4 Nf6 5.0-0 Be7 6.Re1 b5 7.Bb3 d6 8.c3 0-0 9.h3 Bb7 10.d4 Re8 11.Ng5 Rf8 12.Nf3 Re8,114,1336,0.511601,0.840568
10,1.e4 e5 2.Nf3 Nc6 3.Bb5 a6 4.Ba4 Nf6 5.0-0 Be7 6.Re1 b5 7.Bb3 d6 8.c3 0-0 9.h3 Na5,82,5547,0.56508,0.477555
11,1.e4 e5 2.Nf3 Nc6 3.Bb5 a6 4.Ba4 Nf6 5.0-0 Be7 6.Re1 b5 7.Bb3 d6 8.c3 0-0 9.h3 Na5 10.Bc2 c5,92,5285,0.566887,0.47455
12,1.e4 e5 2.Nf3 Nc6 3.Bb5 a6 4.Ba4 Nf6 5.0-0 Be7 6.Re1 b5 7.Bb3 d6 8.c3 0-0 9.h3 Na5 10.Bc2 c5 11.d4 Nd7,102,1200,0.559166,0.431666
12,1.e4 e5 2.Nf3 Nc6 3.Bb5 a6 4.Ba4 Nf6 5.0-0 Be7 6.Re1 b5 7.Bb3 d6 8.c3 0-0 9.h3 Na5 10.Bc2 c5 11.d4 Qc7,102,3272,0.571515,0.471882
13,1.e4 e5 2.Nf3 Nc6 3.Bb5 a6 4.Ba4 Nf6 5.0-0 Be7 6.Re1 b5 7.Bb3 d6 8.c3 0-0 9.h3 Na5 10.Bc2 c5 11.d4 Qc7 12.Nbd2 cxd4,115,1543,0.566104,0.469863
10,1.e4 e5 2.Nf3 Nc6 3.Bb5 a6 4.Ba4 Nf6 5.0-0 Be7 6.Re1 b5 7.Bb3 d6 8.c3 0-0 9.h3 Nb8,82,4254,0.557592,0.469205
11,1.e4 e5 2.Nf3 Nc6 3.Bb5 a6 4.Ba4 Nf6 5.0-0 Be7 6.Re1 b5 7.Bb3 d6 8.c3 0-0 9.h3 Nb8 10.d4 Nbd7,93,4011,0.558713,0.466716
12,1.e4 e5 2.Nf3 Nc6 3.Bb5 a6 4.Ba4 Nf6 5.0-0 Be7 6.Re1 b5 7.Bb3 d6 8.c3 0-0 9.h3 Nb8 10.d4 Nbd7 11.Nbd2 Bb7,105,3305,0.557791,0.478971
13,1.e4 e5 2.Nf3 Nc6 3.Bb5 a6 4.Ba4 Nf6 5.0-0 Be7 6.Re1 b5 7.Bb3 d6 8.c3 0-0 9.h3 Nb8 10.d4 Nbd7 11.Nbd2 Bb7 12.Bc2 Re8,116,2914,0.563315,0.482155
14,1.e4 e5 2.Nf3 Nc6 3.Bb5 a6 4.Ba4 Nf6 5.0-0 Be7 6.Re1 b5 7.Bb3 d6 8.c3 0-0 9.h3 Nb8 10.d4 Nbd7 11.Nbd2 Bb7 12.Bc2 Re8 13.Nf1 Bf8,127,2170,0.555069,0.476958
15,1.e4 e5 2.Nf3 Nc6 3.Bb5 a6 4.Ba4 Nf6 5.0-0 Be7 6.Re1 b5 7.Bb3 d6 8.c3 0-0 9.h3 Nb8 10.d4 Nbd7 11.Nbd2 Bb7 12.Bc2 Re8 13.Nf1 Bf8 14.Ng3 g6,137,1990,0.554773,0.469346
10,1.e4 e5 2.Nf3 Nc6 3.Bb5 a6 4.Ba4 Nf6 5.0-0 Be7 6.Re1 b5 7.Bb3 d6 8.c3 0-0 9.h3 Re8,82,1012,0.545948,0.655138
6,1.e4 e5 2.Nf3 Nc6 3.Bb5 a6 4.Ba4 Nf6 5.0-0 Nxe4,47,5675,0.563612,0.451982
7,1.e4 e5 2.Nf3 Nc6 3.Bb5 a6 4.Ba4 Nf6 5.0-0 Nxe4 6.d4 b5,55,4925,0.570253,0.460304
8,1.e4 e5 2.Nf3 Nc6 3.Bb5 a6 4.Ba4 Nf6 5.0-0 Nxe4 6.d4 b5 7.Bb3 d5,64,4884,0.56941,0.461916
9,1.e4 e5 2.Nf3 Nc6 3.Bb5 a6 4.Ba4 Nf6 5.0-0 Nxe4 6.d4 b5 7.Bb3 d5 8.dxe5 Be6,75,4756,0.569596,0.462573
10,1.e4 e5 2.Nf3 Nc6 3.Bb5 a6 4.Ba4 Nf6 5.0-0 Nxe4 6.d4 b5 7.Bb3 d5 8.dxe5 Be6 9.Nbd2 Nc5,86,1337,0.569184,0.493642
6,1.e4 e5 2.Nf3 Nc6 3.Bb5 a6 4.Ba4 Nf6 5.d3 b5,44,2475,0.573333,0.34505
7,1.e4 e5 2.Nf3 Nc6 3.Bb5 a6 4.Ba4 Nf6 5.d3 b5 6.Bb3 Bc5,54,1158,0.569084,0.336787
7,1.e4 e5 2.Nf3 Nc6 3.Bb5 a6 4.Ba4 Nf6 5.d3 b5 6.Bb3 Be7,54,1214,0.573311,0.357495
6,1.e4 e5 2.Nf3 Nc6 3.Bb5 a6 4.Ba4 Nf6 5.d3 d6,44,2643,0.526295,0.388951
7,1.e4 e5 2.Nf3 Nc6 3.Bb5 a6 4.Ba4 Nf6 5.d3 d6 6.c3 g6,52,1236,0.510517,0.399676
6,1.e4 e5 2.Nf3 Nc6 3.Bb5 a6 4.Ba4 Nf6 5.d4 exd4,46,1424,0.51264,0.441011
7,1.e4 e5 2.Nf3 Nc6 3.Bb5 a6 4.Ba4 Nf6 5.d4 exd4 6.0-0 Be7,56,1284,0.508177,0.452492
6,1.e4 e5 2.Nf3 Nc6 3.Bb5 a6 4.Ba4 Nf6 5.Qe2 b5,45,1233,0.528386,0.339821
5,1.e4 e5 2.Nf3 Nc6 3.Bb5 a6 4.Ba4 Nge7,37,1787,0.494404,0.343033
5,1.e4 e5 2.Nf3 Nc6 3.Bb5 a6 4.Bxc6 dxc6,38,8833,0.52717,0.535152
6,1.e4 e5 2.Nf3 Nc6 3.Bb5 a6 4.Bxc6 dxc6 5.0-0 Bg4,48,1598,0.551627,0.585106
7,1.e4 e5 2.Nf3 Nc6 3.Bb5 a6 4.Bxc6 dxc6 5.0-0 Bg4 6.h3 h5,56,1212,0.555693,0.627887
6,1.e4 e5 2.Nf3 Nc6 3.Bb5 a6 4.Bxc6 dxc6 5.0-0 f6,47,2496,0.554487,0.534455
7,1.e4 e5 2.Nf3 Nc6 3.Bb5 a6 4.Bxc6 dxc6 5.0-0 f6 6.d4 exd4,57,1642,0.550852,0.552375
8,1.e4 e5 2.Nf3 Nc6 3.Bb5 a6 4.Bxc6 dxc6 5.0-0 f6 6.d4 exd4 7.Nxd4 c5,67,1436,0.556406,0.547353
6,1.e4 e5 2.Nf3 Nc6 3.Bb5 a6 4.Bxc6 dxc6 5.0-0 Qd6,48,1048,0.516221,0.458015
5,1.e4 e5 2.Nf3 Nc6 3.Bb5 f5 4.d3 fxe4,36,1328,0.529743,0.307981
6,1.e4 e5 2.Nf3 Nc6 3.Bb5 f5 4.d3 fxe4 5.dxe4 Nf6,47,1286,0.531104,0.311041
5,1.e4 e5 2.Nf3 Nc6 3.Bb5 f5 4.Nc3 fxe4,37,1331,0.599924,0.391435
5,1.e4 e5 2.Nf3 Nc6 3.Bb5 Nf6 4.0-0 Nxe4,38,12018,0.534614,0.615743
6,1.e4 e5 2.Nf3 Nc6 3.Bb5 Nf6 4.0-0 Nxe4 5.d4 Nd6,47,7027,0.533869,0.589298
7,1.e4 e5 2.Nf3 Nc6 3.Bb5 Nf6 4.0-0 Nxe4 5.d4 Nd6 6.Bxc6 dxc6,59,5030,0.540357,0.533598
8,1.e4 e5 2.Nf3 Nc6 3.Bb5 Nf6 4.0-0 Nxe4 5.d4 Nd6 6.Bxc6 dxc6 7.dxe5 Nf5,70,4850,0.539484,0.535876
9,1.e4 e5 2.Nf3 Nc6 3.Bb5 Nf6 4.0-0 Nxe4 5.d4 Nd6 6.Bxc6 dxc6 7.dxe5 Nf5 8.Qxd8+ Kxd8,83,4735,0.542027,0.534107
10,1.e4 e5 2.Nf3 Nc6 3.Bb5 Nf6 4.0-0 Nxe4 5.d4 Nd6 6.Bxc6 dxc6 7.dxe5 Nf5 8.Qxd8+ Kxd8 9.Nc3 Ke8,93,1225,0.536734,0.573877
7,1.e4 e5 2.Nf3 Nc6 3.Bb5 Nf6 4.0-0 Nxe4 5.d4 Nd6 6.dxe5 Nxb5,59,1690,0.511242,0.785798
8,1.e4 e5 2.Nf3 Nc6 3.Bb5 Nf6 4.0-0 Nxe4 5.d4 Nd6 6.dxe5 Nxb5 7.a4 Nbd4,69,1500,0.517,0.826
6,1.e4 e5 2.Nf3 Nc6 3.Bb5 Nf6 4.0-0 Nxe4 5.Re1 Nd6,48,4080,0.533578,0.673529
7,1.e4 e5 2.Nf3 Nc6 3.Bb5 Nf6 4.0-0 Nxe4 5.Re1 Nd6 6.Nxe5 Be7,59,3177,0.528328,0.702234
8,1.e4 e5 2.Nf3 Nc6 3.Bb5 Nf6 4.0-0 Nxe4 5.Re1 Nd6 6.Nxe5 Be7 7.Bf1 Nxe5,70,2240,0.540848,0.737053
9,1.e4 e5 2.Nf3 Nc6 3.Bb5 Nf6 4.0-0 Nxe4 5.Re1 Nd6 6.Nxe5 Be7 7.Bf1 Nxe5 8.Rxe5 0-0,81,2224,0.541142,0.735161
10,1.e4 e5 2.Nf3 Nc6 3.Bb5 Nf6 4.0-0 Nxe4 5.Re1 Nd6 6.Nxe5 Be7 7.Bf1 Nxe5 8.Rxe5 0-0 9.d4 Bf6,90,1382,0.535817,0.730101
5,1.e4 e5 2.Nf3 Nc6 3.Bb5 Nf6 4.d3 Bc5,36,5610,0.543226,0.449732
6,1.e4 e5 2.Nf3 Nc6 3.Bb5 Nf6 4.d3 Bc5 5.Bxc6 dxc6,48,1943,0.545548,0.466289
6,1.e4 e5 2.Nf3 Nc6 3.Bb5 Nf6 4.d3 Bc5 5.c3 0-0,45,1589,0.542479,0.453115
5,1.e4 e5 2.Nf3 Nc6 3.Bb5 Nf6 4.d3 d6,35,2176,0.560431,0.403952
5,1.e4 e5 2.Nf3 Nc6 3.Bc4 Bc5 4.0-0 Nf6,37,3898,0.531169,0.380964
6,1.e4 e5 2.Nf3 Nc6 3.Bc4 Bc5 4.0-0 Nf6 5.d3 d6,45,1875,0.526666,0.405866
5,1.e4 e5 2.Nf3 Nc6 3.Bc4 Bc5 4.b4 Bxb4,37,1077,0.487465,0.284122
5,1.e4 e5 2.Nf3 Nc6 3.Bc4 Bc5 4.c3 Nf6,36,10169,0.53309,0.427573
6,1.e4 e5 2.Nf3 Nc6 3.Bc4 Bc5 4.c3 Nf6 5.d3 0-0,45,1376,0.521438,0.420784
6,1.e4 e5 2.Nf3 Nc6 3.Bc4 Bc5 4.c3 Nf6 5.d3 a6,44,1963,0.544574,0.453387
6,1.e4 e5 2.Nf3 Nc6 3.Bc4 Bc5 4.c3 Nf6 5.d3 d6,44,3402,0.537477,0.404761
6,1.e4 e5 2.Nf3 Nc6 3.Bc4 Bc5 4.c3 Nf6 5.d4 exd4,46,2842,0.530436,0.456368
7,1.e4 e5 2.Nf3 Nc6 3.Bc4 Bc5 4.c3 Nf6 5.d4 exd4 6.cxd4 Bb4+,58,1226,0.491843,0.577487
7,1.e4 e5 2.Nf3 Nc6 3.Bc4 Bc5 4.c3 Nf6 5.d4 exd4 6.e5 d5,54,1276,0.561128,0.399686
8,1.e4 e5 2.Nf3 Nc6 3.Bc4 Bc5 4.c3 Nf6 5.d4 exd4 6.e5 d5 7.Bb5 Ne4,64,1092,0.561355,0.404761
5,1.e4 e5 2.Nf3 Nc6 3.Bc4 Bc5 4.d3 Nf6,36,3552,0.531109,0.372466
5,1.e4 e5 2.Nf3 Nc6 3.Bc4 Nf6 4.d3 Bc5,36,5735,0.545248,0.364428
6,1.e4 e5 2.Nf3 Nc6 3.Bc4 Nf6 4.d3 Bc5 5.0-0 d6,45,1223,0.554783,0.388389
6,1.e4 e5 2.Nf3 Nc6 3.Bc4 Nf6 4.d3 Bc5 5.c3 d6,44,1309,0.54469,0.371275
5,1.e4 e5 2.Nf3 Nc6 3.Bc4 Nf6 4.d3 Be7,36,5688,0.554676,0.40014
6,1.e4 e5 2.Nf3 Nc6 3.Bc4 Nf6 4.d3 Be7 5.0-0 0-0,46,4020,0.55597,0.408955
7,1.e4 e5 2.Nf3 Nc6 3.Bc4 Nf6 4.d3 Be7 5.0-0 0-0 6.Re1 d6,55,2278,0.555311,0.407374
5,1.e4 e5 2.Nf3 Nc6 3.Bc4 Nf6 4.d3 h6,35,2619,0.518518,0.292478
6,1.e4 e5 2.Nf3 Nc6 3.Bc4 Nf6 4.d3 h6 5.0-0 d6,44,1250,0.5268,0.3096
5,1.e4 e5 2.Nf3 Nc6 3.Bc4 Nf6 4.d4 exd4,37,1564,0.491048,0.36445
5,1.e4 e5 2.Nf3 Nc6 3.Bc4 Nf6 4.Ng5 d5,36,2470,0.559919,0.266396
6,1.e4 e5 2.Nf3 Nc6 3.Bc4 Nf6 4.Ng5 d5 5.exd5 Na5,47,2105,0.561282,0.276009
7,1.e4 e5 2.Nf3 Nc6 3.Bc4 Nf6 4.Ng5 d5 5.exd5 Na5 6.Bb5+ c6,57,1769,0.559355,0.269643
8,1.e4 e5 2.Nf3 Nc6 3.Bc4 Nf6 4.Ng5 d5 5.exd5 Na5 6.Bb5+ c6 7.dxc6 bxc6,69,1767,0.559139,0.269383
5,1.e4 e5 2.Nf3 Nc6 3.d4 exd4 4.Bc4 Nf6,37,1857,0.498115,0.345718
5,1.e4 e5 2.Nf3 Nc6 3.d4 exd4 4.Nxd4 Bb4+,39,1110,0.5509,0.384684
5,1.e4 e5 2.Nf3 Nc6 3.d4 exd4 4.Nxd4 Bc5,38,6047,0.541508,0.399702
6,1.e4 e5 2.Nf3 Nc6 3.d4 exd4 4.Nxd4 Bc5 5.Be3 Qf6,48,1891,0.534108,0.410364
7,1.e4 e5 2.Nf3 Nc6 3.d4 exd4 4.Nxd4 Bc5 5.Be3 Qf6 6.c3 Nge7,58,1602,0.538077,0.426966
6,1.e4 e5 2.Nf3 Nc6 3.d4 exd4 4.Nxd4 Bc5 5.Nb3 Bb6,48,1611,0.540347,0.33954
6,1.e4 e5 2.Nf3 Nc6 3.d4 exd4 4.Nxd4 Bc5 5.Nxc6 Qf6,49,1749,0.551743,0.465408
5,1.e4 e5 2.Nf3 Nc6 3.d4 exd4 4.Nxd4 Nf6,38,7428,0.524771,0.429456
6,1.e4 e5 2.Nf3 Nc6 3.d4 exd4 4.Nxd4 Nf6 5.Nc3 Bb4,48,1358,0.519145,0.56701
7,1.e4 e5 2.Nf3 Nc6 3.d4 exd4 4.Nxd4 Nf6 5.Nc3 Bb4 6.Nxc6 bxc6,60,1339,0.51979,0.567587
6,1.e4 e5 2.Nf3 Nc6 3.d4 exd4 4.Nxd4 Nf6 5.Nxc6 bxc6,50,5935,0.526705,0.400336
7,1.e4 e5 2.Nf3 Nc6 3.d4 exd4 4.Nxd4 Nf6 5.Nxc6 bxc6 6.e5 Qe7,59,4267,0.528239,0.397937
8,1.e4 e5 2.Nf3 Nc6 3.d4 exd4 4.Nxd4 Nf6 5.Nxc6 bxc6 6.e5 Qe7 7.Qe2 Nd5,69,4247,0.527666,0.397927
9,1.e4 e5 2.Nf3 Nc6 3.d4 exd4 4.Nxd4 Nf6 5.Nxc6 bxc6 6.e5 Qe7 7.Qe2 Nd5 8.c4 Ba6,78,1678,0.53665,0.411799
9,1.e4 e5 2.Nf3 Nc6 3.d4 exd4 4.Nxd4 Nf6 5.Nxc6 bxc6 6.e5 Qe7 7.Qe2 Nd5 8.c4 Nb6,78,1496,0.527406,0.40508
5,1.e4 e5 2.Nf3 Nc6 3.Nc3 Nf6 4.Bb5 Bb4,37,2093,0.546344,0.470616
6,1.e4 e5 2.Nf3 Nc6 3.Nc3 Nf6 4.Bb5 Bb4 5.0-0 0-0,47,1830,0.540163,0.480327
5,1.e4 e5 2.Nf3 Nc6 3.Nc3 Nf6 4.Bb5 Nd4,37,1739,0.538527,0.520414
5,1.e4 e5 2.Nf3 Nc6 3.Nc3 Nf6 4.d4 exd4,37,5519,0.514948,0.562783
6,1.e4 e5 2.Nf3 Nc6 3.Nc3 Nf6 4.d4 exd4 5.Nxd4 Bb4,48,4659,0.517814,0.595621
7,1.e4 e5 2.Nf3 Nc6 3.Nc3 Nf6 4.d4 exd4 5.Nxd4 Bb4 6.Nxc6 bxc6,60,4623,0.518278,0.593986
8,1.e4 e5 2.Nf3 Nc6 3.Nc3 Nf6 4.d4 exd4 5.Nxd4 Bb4 6.Nxc6 bxc6 7.Bd3 0-0,70,1316,0.501519,0.556231
9,1.e4 e5 2.Nf3 Nc6 3.Nc3 Nf6 4.d4 exd4 5.Nxd4 Bb4 6.Nxc6 bxc6 7.Bd3 0-0 8.0-0 d5,79,1012,0.499011,0.583003
8,1.e4 e5 2.Nf3 Nc6 3.Nc3 Nf6 4.d4 exd4 5.Nxd4 Bb4 6.Nxc6 bxc6 7.Bd3 d5,69,3160,0.527215,0.613291
9,1.e4 e5 2.Nf3 Nc6 3.Nc3 Nf6 4.d4 exd4 5.Nxd4 Bb4 6.Nxc6 bxc6 7.Bd3 d5 8.exd5 cxd5,81,1939,0.520371,0.624033
10,1.e4 e5 2.Nf3 Nc6 3.Nc3 Nf6 4.d4 exd4 5.Nxd4 Bb4 6.Nxc6 bxc6 7.Bd3 d5 8.exd5 cxd5 9.0-0 0-0,91,1801,0.521932,0.622987
11,1.e4 e5 2.Nf3 Nc6 3.Nc3 Nf6 4.d4 exd4 5.Nxd4 Bb4 6.Nxc6 bxc6 7.Bd3 d5 8.exd5 cxd5 9.0-0 0-0 10.Bg5 c6,101,1112,0.513039,0.630395
5,1.e4 e5 2.Nf3 Nf6 3.d4 Nxe4 4.Bd3 d5,36,2957,0.582685,0.499154
6,1.e4 e5 2.Nf3 Nf6 3.d4 Nxe4 4.Bd3 d5 5.Nxe5 Nd7,47,2103,0.574655,0.528292
7,1.e4 e5 2.Nf3 Nf6 3.d4 Nxe4 4.Bd3 d5 5.Nxe5 Nd7 6.Nxd7 Bxd7,59,1239,0.587974,0.539951
5,1.e4 e5 2.Nf3 Nf6 3.Nxe5 d6 4.Nf3 Nxe4,38,15974,0.562914,0.583072
6,1.e4 e5 2.Nf3 Nf6 3.Nxe5 d6 4.Nf3 Nxe4 5.d4 d5,46,6603,0.580266,0.545358
7,1.e4 e5 2.Nf3 Nf6 3.Nxe5 d6 4.Nf3 Nxe4 5.d4 d5 6.Bd3 Bd6,56,2073,0.56874,0.493005
8,1.e4 e5 2.Nf3 Nf6 3.Nxe5 d6 4.Nf3 Nxe4 5.d4 d5 6.Bd3 Bd6 7.0-0 0-0,66,1975,0.571645,0.496202
9,1.e4 e5 2.Nf3 Nf6 3.Nxe5 d6 4.Nf3 Nxe4 5.d4 d5 6.Bd3 Bd6 7.0-0 0-0 8.c4 c6,74,1729,0.568536,0.491613
7,1.e4 e5 2.Nf3 Nf6 3.Nxe5 d6 4.Nf3 Nxe4 5.d4 d5 6.Bd3 Be7,56,1554,0.581402,0.563063
7,1.e4 e5 2.Nf3 Nf6 3.Nxe5 d6 4.Nf3 Nxe4 5.d4 d5 6.Bd3 Nc6,56,2392,0.591555,0.564381
8,1.e4 e5 2.Nf3 Nf6 3.Nxe5 d6 4.Nf3 Nxe4 5.d4 d5 6.Bd3 Nc6 7.0-0 Be7,66,2056,0.591439,0.576848
9,1.e4 e5 2.Nf3 Nf6 3.Nxe5 d6 4.Nf3 Nxe4 5.d4 d5 6.Bd3 Nc6 7.0-0 Be7 8.c4 Nb4,75,1064,0.580827,0.609022
6,1.e4 e5 2.Nf3 Nf6 3.Nxe5 d6 4.Nf3 Nxe4 5.Nc3 Nxc3,49,3308,0.560761,0.510882
7,1.e4 e5 2.Nf3 Nf6 3.Nxe5 d6 4.Nf3 Nxe4 5.Nc3 Nxc3 6.dxc3 Be7,60,3027,0.560786,0.507102
6,1.e4 e5 2.Nf3 Nf6 3.Nxe5 d6 4.Nf3 Nxe4 5.Qe2 Qe7,48,2545,0.502161,0.862868
7,1.e4 e5 2.Nf3 Nf6 3.Nxe5 d6 4.Nf3 Nxe4 5.Qe2 Qe7 6.d3 Nf6,57,2346,0.501491,0.860613
8,1.e4 e5 2.Nf3 Nf6 3.Nxe5 d6 4.Nf3 Nxe4 5.Qe2 Qe7 6.d3 Nf6 7.Bg5 Qxe2+,69,1300,0.512692,0.877692
9,1.e4 e5 2.Nf3 Nf6 3.Nxe5 d6 4.Nf3 Nxe4 5.Qe2 Qe7 6.d3 Nf6 7.Bg5 Qxe2+ 8.Bxe2 Be7,80,1136,0.513204,0.867957
5,1.e4 e6 2.d3 d5 3.Nd2 c5 4.Ngf3 Nc6,35,1191,0.513853,0.350965
5,1.e4 e6 2.d4 d5 3.e5 c5 4.c3 Nc6,32,9560,0.529131,0.321025
6,1.e4 e6 2.d4 d5 3.e5 c5 4.c3 Nc6 5.Nf3 Bd7,42,4263,0.521581,0.336617
7,1.e4 e6 2.d4 d5 3.e5 c5 4.c3 Nc6 5.Nf3 Bd7 6.Be2 Nge7,53,1615,0.544891,0.381424
6,1.e4 e6 2.d4 d5 3.e5 c5 4.c3 Nc6 5.Nf3 Qb6,42,3701,0.54134,0.294244
5,1.e4 e6 2.d4 d5 3.e5 c5 4.c3 Qb6,32,3008,0.51978,0.317486
6,1.e4 e6 2.d4 d5 3.e5 c5 4.c3 Qb6 5.Nf3 Bd7,42,1356,0.520648,0.324483
6,1.e4 e6 2.d4 d5 3.e5 c5 4.c3 Qb6 5.Nf3 Nc6,42,1528,0.520287,0.310209
5,1.e4 e6 2.d4 d5 3.exd5 exd5 4.Bd3 Bd6,37,1095,0.497716,0.812785
5,1.e4 e6 2.d4 d5 3.exd5 exd5 4.Nf3 Bd6,37,1497,0.520374,0.462257
5,1.e4 e6 2.d4 d5 3.exd5 exd5 4.Nf3 Nc6,37,1050,0.481904,0.441904
5,1.e4 e6 2.d4 d5 3.exd5 exd5 4.Nf3 Nf6,37,2160,0.525694,0.604166
5,1.e4 e6 2.d4 d5 3.Nc3 Bb4 4.e5 b6,33,1543,0.581335,0.302009
5,1.e4 e6 2.d4 d5 3.Nc3 Bb4 4.e5 c5,33,12491,0.555079,0.335681
6,1.e4 e6 2.d4 d5 3.Nc3 Bb4 4.e5 c5 5.a3 Ba5,42,1384,0.560332,0.364884
7,1.e4 e6 2.d4 d5 3.Nc3 Bb4 4.e5 c5 5.a3 Ba5 6.b4 cxd4,52,1065,0.564319,0.369953
6,1.e4 e6 2.d4 d5 3.Nc3 Bb4 4.e5 c5 5.a3 Bxc3+,44,9224,0.558055,0.327515
7,1.e4 e6 2.d4 d5 3.Nc3 Bb4 4.e5 c5 5.a3 Bxc3+ 6.bxc3 Ne7,55,5399,0.561029,0.335247
8,1.e4 e6 2.d4 d5 3.Nc3 Bb4 4.e5 c5 5.a3 Bxc3+ 6.bxc3 Ne7 7.Qg4 0-0,65,1090,0.572018,0.366055
8,1.e4 e6 2.d4 d5 3.Nc3 Bb4 4.e5 c5 5.a3 Bxc3+ 6.bxc3 Ne7 7.Qg4 Qc7,65,1149,0.570496,0.293298
7,1.e4 e6 2.d4 d5 3.Nc3 Bb4 4.e5 c5 5.a3 Bxc3+ 6.bxc3 Qa5,55,1650,0.553333,0.32606
8,1.e4 e6 2.d4 d5 3.Nc3 Bb4 4.e5 c5 5.a3 Bxc3+ 6.bxc3 Qa5 7.Bd2 Qa4,65,1515,0.552805,0.328052
7,1.e4 e6 2.d4 d5 3.Nc3 Bb4 4.e5 c5 5.a3 Bxc3+ 6.bxc3 Qc7,55,1483,0.561362,0.309507
5,1.e4 e6 2.d4 d5 3.Nc3 Bb4 4.e5 Ne7,34,4230,0.550827,0.345153
6,1.e4 e6 2.d4 d5 3.Nc3 Bb4 4.e5 Ne7 5.a3 Bxc3+,45,3304,0.558414,0.342615
7,1.e4 e6 2.d4 d5 3.Nc3 Bb4 4.e5 Ne7 5.a3 Bxc3+ 6.bxc3 c5,55,2505,0.55469,0.354091
5,1.e4 e6 2.d4 d5 3.Nc3 Bb4 4.e5 Qd7,34,1025,0.592682,0.301463
5,1.e4 e6 2.d4 d5 3.Nc3 Bb4 4.exd5 exd5,37,2661,0.526681,0.419767
6,1.e4 e6 2.d4 d5 3.Nc3 Bb4 4.exd5 exd5 5.Bd3 Nc6,47,1309,0.521008,0.406417
5,1.e4 e6 2.d4 d5 3.Nc3 Bb4 4.Nge2 dxe4,37,1482,0.546558,0.410256
5,1.e4 e6 2.d4 d5 3.Nc3 dxe4 4.Nxe4 Bd7,37,1715,0.57172,0.444897
6,1.e4 e6 2.d4 d5 3.Nc3 dxe4 4.Nxe4 Bd7 5.Nf3 Bc6,47,1581,0.577798,0.459835
7,1.e4 e6 2.d4 d5 3.Nc3 dxe4 4.Nxe4 Bd7 5.Nf3 Bc6 6.Bd3 Nd7,57,1337,0.576664,0.463724
5,1.e4 e6 2.d4 d5 3.Nc3 dxe4 4.Nxe4 Nd7,37,2870,0.581881,0.499651
6,1.e4 e6 2.d4 d5 3.Nc3 dxe4 4.Nxe4 Nd7 5.Nf3 Ngf6,48,2312,0.588235,0.5
7,1.e4 e6 2.d4 d5 3.Nc3 dxe4 4.Nxe4 Nd7 5.Nf3 Ngf6 6.Nxf6+ Nxf6,61,1342,0.589046,0.505961
5,1.e4 e6 2.d4 d5 3.Nc3 Nc6 4.Nf3 Nf6,35,1027,0.553067,0.377799
5,1.e4 e6 2.d4 d5 3.Nc3 Nf6 4.Bg5 Bb4,35,2960,0.533614,0.355067
6,1.e4 e6 2.d4 d5 3.Nc3 Nf6 4.Bg5 Bb4 5.e5 h6,43,2452,0.533238,0.347063
7,1.e4 e6 2.d4 d5 3.Nc3 Nf6 4.Bg5 Bb4 5.e5 h6 6.Bd2 Bxc3,54,1557,0.521515,0.362235
8,1.e4 e6 2.d4 d5 3.Nc3 Nf6 4.Bg5 Bb4 5.e5 h6 6.Bd2 Bxc3 7.bxc3 Ne4,65,1555,0.521543,0.361414
5,1.e4 e6 2.d4 d5 3.Nc3 Nf6 4.Bg5 Be7,35,3078,0.564814,0.35575
6,1.e4 e6 2.d4 d5 3.Nc3 Nf6 4.Bg5 Be7 5.e5 Nfd7,45,2721,0.563395,0.350606
7,1.e4 e6 2.d4 d5 3.Nc3 Nf6 4.Bg5 Be7 5.e5 Nfd7 6.Bxe7 Qxe7,57,1695,0.562831,0.378761
5,1.e4 e6 2.d4 d5 3.Nc3 Nf6 4.Bg5 dxe4,36,5145,0.536151,0.453838
6,1.e4 e6 2.d4 d5 3.Nc3 Nf6 4.Bg5 dxe4 5.Nxe4 Be7,47,3354,0.525044,0.407871
7,1.e4 e6 2.d4 d5 3.Nc3 Nf6 4.Bg5 dxe4 5.Nxe4 Be7 6.Bxf6 gxf6,59,2021,0.530677,0.39139
6,1.e4 e6 2.d4 d5 3.Nc3 Nf6 4.Bg5 dxe4 5.Nxe4 Nbd7,48,1744,0.559059,0.53899
5,1.e4 e6 2.d4 d5 3.Nc3 Nf6 4.e5 Nfd7,35,11009,0.550186,0.362612
6,1.e4 e6 2.d4 d5 3.Nc3 Nf6 4.e5 Nfd7 5.f4 c5,43,9519,0.550372,0.370627
7,1.e4 e6 2.d4 d5 3.Nc3 Nf6 4.e5 Nfd7 5.f4 c5 6.Nf3 Nc6,53,8505,0.551793,0.372957
8,1.e4 e6 2.d4 d5 3.Nc3 Nf6 4.e5 Nfd7 5.f4 c5 6.Nf3 Nc6 7.Be3 a6,62,2806,0.561831,0.381682
9,1.e4 e6 2.d4 d5 3.Nc3 Nf6 4.e5 Nfd7 5.f4 c5 6.Nf3 Nc6 7.Be3 a6 8.Qd2 b5,71,1935,0.561757,0.391731
8,1.e4 e6 2.d4 d5 3.Nc3 Nf6 4.e5 Nfd7 5.f4 c5 6.Nf3 Nc6 7.Be3 Be7,63,2002,0.532717,0.34915
9,1.e4 e6 2.d4 d5 3.Nc3 Nf6 4.e5 Nfd7 5.f4 c5 6.Nf3 Nc6 7.Be3 Be7 8.Qd2 0-0,73,1311,0.518306,0.330282
8,1.e4 e6 2.d4 d5 3.Nc3 Nf6 4.e5 Nfd7 5.f4 c5 6.Nf3 Nc6 7.Be3 cxd4,64,2386,0.562028,0.409891
9,1.e4 e6 2.d4 d5 3.Nc3 Nf6 4.e5 Nfd7 5.f4 c5 6.Nf3 Nc6 7.Be3 cxd4 8.Nxd4 Bc5,75,1659,0.553646,0.388788
10,1.e4 e6 2.d4 d5 3.Nc3 Nf6 4.e5 Nfd7 5.f4 c5 6.Nf3 Nc6 7.Be3 cxd4 8.Nxd4 Bc5 9.Qd2 0-0,85,1097,0.536463,0.354603
6,1.e4 e6 2.d4 d5 3.Nc3 Nf6 4.e5 Nfd7 5.Nce2 c5,45,1124,0.559163,0.310498
5,1.e4 e6 2.d4 d5 3.Nd2 a6 4.Ngf3 c5,34,1293,0.547177,0.489559
5,1.e4 e6 2.d4 d5 3.Nd2 Be7 4.Bd3 c5,34,1330,0.525187,0.411278
6,1.e4 e6 2.d4 d5 3.Nd2 Be7 4.Bd3 c5 5.dxc5 Nf6,45,1119,0.530831,0.411081
5,1.e4 e6 2.d4 d5 3.Nd2 Be7 4.Ngf3 Nf6,36,1832,0.529748,0.361899
6,1.e4 e6 2.d4 d5 3.Nd2 Be7 4.Ngf3 Nf6 5.e5 Nfd7,46,1005,0.555223,0.312437
5,1.e4 e6 2.d4 d5 3.Nd2 c5 4.exd5 exd5,36,3168,0.53125,0.533459
6,1.e4 e6 2.d4 d5 3.Nd2 c5 4.exd5 exd5 5.Ngf3 Nc6,47,1294,0.535935,0.52782
5,1.e4 e6 2.d4 d5 3.Nd2 c5 4.exd5 Qxd5,36,4849,0.533821,0.473293
6,1.e4 e6 2.d4 d5 3.Nd2 c5 4.exd5 Qxd5 5.Ngf3 cxd4,48,3998,0.534642,0.48199
7,1.e4 e6 2.d4 d5 3.Nd2 c5 4.exd5 Qxd5 5.Ngf3 cxd4 6.Bc4 Qd6,58,2927,0.537922,0.489579
8,1.e4 e6 2.d4 d5 3.Nd2 c5 4.exd5 Qxd5 5.Ngf3 cxd4 6.Bc4 Qd6 7.0-0 Nf6,68,2510,0.536852,0.50239
9,1.e4 e6 2.d4 d5 3.Nd2 c5 4.exd5 Qxd5 5.Ngf3 cxd4 6.Bc4 Qd6 7.0-0 Nf6 8.Nb3 Nc6,78,2413,0.535018,0.510567
10,1.e4 e6 2.d4 d5 3.Nd2 c5 4.exd5 Qxd5 5.Ngf3 cxd4 6.Bc4 Qd6 7.0-0 Nf6 8.Nb3 Nc6 9.Nbxd4 Nxd4,91,2291,0.537101,0.507638
11,1.e4 e6 2.d4 d5 3.Nd2 c5 4.exd5 Qxd5 5.Ngf3 cxd4 6.Bc4 Qd6 7.0-0 Nf6 8.Nb3 Nc6 9.Nbxd4 Nxd4 10.Nxd4 a6,102,1143,0.549431,0.467191
5,1.e4 e6 2.d4 d5 3.Nd2 c5 4.Ngf3 cxd4,36,3345,0.555156,0.450224
6,1.e4 e6 2.d4 d5 3.Nd2 c5 4.Ngf3 cxd4 5.exd5 Qxd5,48,1416,0.548375,0.472457
7,1.e4 e6 2.d4 d5 3.Nd2 c5 4.Ngf3 cxd4 5.exd5 Qxd5 6.Bc4 Qd6,58,1028,0.554961,0.473735
6,1.e4 e6 2.d4 d5 3.Nd2 c5 4.Ngf3 cxd4 5.Nxd4 Nc6,47,1061,0.566918,0.423185
5,1.e4 e6 2.d4 d5 3.Nd2 c5 4.Ngf3 Nc6,35,1312,0.58346,0.47942
6,1.e4 e6 2.d4 d5 3.Nd2 c5 4.Ngf3 Nc6 5.exd5 exd5,47,1010,0.573267,0.50297
5,1.e4 e6 2.d4 d5 3.Nd2 dxe4 4.Nxe4 Bd7,37,1165,0.55236,0.469527
6,1.e4 e6 2.d4 d5 3.Nd2 dxe4 4.Nxe4 Bd7 5.Nf3 Bc6,47,1052,0.556083,0.477186
5,1.e4 e6 2.d4 d5 3.Nd2 dxe4 4.Nxe4 Nd7,37,1844,0.584056,0.496746
6,1.e4 e6 2.d4 d5 3.Nd2 dxe4 4.Nxe4 Nd7 5.Nf3 Ngf6,48,1419,0.572938,0.520084
5,1.e4 e6 2.d4 d5 3.Nd2 Nc6 4.Ngf3 Nf6,36,2442,0.578624,0.31941
6,1.e4 e6 2.d4 d5 3.Nd2 Nc6 4.Ngf3 Nf6 5.e5 Nd7,45,2332,0.582761,0.323327
5,1.e4 e6 2.d4 d5 3.Nd2 Nf6 4.e5 Nfd7,35,10641,0.57175,0.345644
6,1.e4 e6 2.d4 d5 3.Nd2 Nf6 4.e5 Nfd7 5.Bd3 c5,44,5856,0.563439,0.354678
7,1.e4 e6 2.d4 d5 3.Nd2 Nf6 4.e5 Nfd7 5.Bd3 c5 6.c3 Nc6,53,5388,0.564031,0.355976
8,1.e4 e6 2.d4 d5 3.Nd2 Nf6 4.e5 Nfd7 5.Bd3 c5 6.c3 Nc6 7.Ne2 cxd4,64,3743,0.560913,0.376436
9,1.e4 e6 2.d4 d5 3.Nd2 Nf6 4.e5 Nfd7 5.Bd3 c5 6.c3 Nc6 7.Ne2 cxd4 8.cxd4 f6,74,3301,0.556195,0.376855
10,1.e4 e6 2.d4 d5 3.Nd2 Nf6 4.e5 Nfd7 5.Bd3 c5 6.c3 Nc6 7.Ne2 cxd4 8.cxd4 f6 9.exf6 Nxf6,86,2402,0.566611,0.396336
11,1.e4 e6 2.d4 d5 3.Nd2 Nf6 4.e5 Nfd7 5.Bd3 c5 6.c3 Nc6 7.Ne2 cxd4 8.cxd4 f6 9.exf6 Nxf6 10.Nf3 Bd6,97,1247,0.546511,0.404971
6,1.e4 e6 2.d4 d5 3.Nd2 Nf6 4.e5 Nfd7 5.c3 c5,43,2708,0.588441,0.356351
7,1.e4 e6 2.d4 d5 3.Nd2 Nf6 4.e5 Nfd7 5.c3 c5 6.Bd3 Nc6,53,1794,0.579431,0.377369
8,1.e4 e6 2.d4 d5 3.Nd2 Nf6 4.e5 Nfd7 5.c3 c5 6.Bd3 Nc6 7.Ne2 cxd4,64,1265,0.56996,0.396837
9,1.e4 e6 2.d4 d5 3.Nd2 Nf6 4.e5 Nfd7 5.c3 c5 6.Bd3 Nc6 7.Ne2 cxd4 8.cxd4 f6,74,1094,0.559414,0.400365
6,1.e4 e6 2.d4 d5 3.Nd2 Nf6 4.e5 Nfd7 5.f4 c5,43,1651,0.56178,0.305875
7,1.e4 e6 2.d4 d5 3.Nd2 Nf6 4.e5 Nfd7 5.f4 c5 6.c3 Nc6,52,1239,0.558111,0.294592
5,1.e4 g6 2.d4 Bg7 3.Nc3 c6 4.f4 d5,33,1175,0.547234,0.29617
5,1.e4 g6 2.d4 Bg7 3.Nc3 c6 4.Nf3 d5,34,1132,0.551678,0.350706
5,1.e4 g6 2.d4 Bg7 3.Nc3 c6 4.Nf3 d6,34,1011,0.525717,0.394658
5,1.e4 g6 2.d4 Bg7 3.Nc3 d6 4.Be3 a6,34,2714,0.528002,0.271923
5,1.e4 g6 2.d4 Bg7 3.Nc3 d6 4.f4 a6,33,1085,0.521658,0.263594
5,1.e4 g6 2.d4 Bg7 3.Nc3 d6 4.f4 Nf6,34,1368,0.544225,0.317982
5,1.e4 Nf6 2.e5 Nd5 3.c4 Nb6 4.d4 d6,34,1031,0.534432,0.27546
5,1.e4 Nf6 2.e5 Nd5 3.d4 d6 4.c4 Nb6,34,4245,0.553828,0.319434
6,1.e4 Nf6 2.e5 Nd5 3.d4 d6 4.c4 Nb6 5.exd6 cxd6,46,1519,0.575378,0.32653
7,1.e4 Nf6 2.e5 Nd5 3.d4 d6 4.c4 Nb6 5.exd6 cxd6 6.Nc3 g6,55,1234,0.576985,0.325769
6,1.e4 Nf6 2.e5 Nd5 3.d4 d6 4.c4 Nb6 5.exd6 exd6,46,1613,0.545257,0.358958
5,1.e4 Nf6 2.e5 Nd5 3.d4 d6 4.Nf3 Bg4,35,2857,0.578578,0.365418
6,1.e4 Nf6 2.e5 Nd5 3.d4 d6 4.Nf3 Bg4 5.Be2 e6,44,1548,0.587209,0.375968
7,1.e4 Nf6 2.e5 Nd5 3.d4 d6 4.Nf3 Bg4 5.Be2 e6 6.0-0 Be7,54,1003,0.592223,0.386839
5,1.e4 Nf6 2.e5 Nd5 3.d4 d6 4.Nf3 dxe5,36,2587,0.538848,0.388867
6,1.e4 Nf6 2.e5 Nd5 3.d4 d6 4.Nf3 dxe5 5.Nxe5 c6,46,1599,0.525641,0.358348
5,1.e4 Nf6 2.e5 Nd5 3.d4 d6 4.Nf3 g6,34,1976,0.591346,0.358805
6,1.e4 Nf6 2.e5 Nd5 3.d4 d6 4.Nf3 g6 5.Bc4 Nb6,44,1101,0.611716,0.356948
5,1.Nf3 c5 2.c4 Nc6 3.d4 cxd4 4.Nxd4 Nf6,38,1290,0.527131,0.48372
5,1.Nf3 c5 2.g3 Nc6 3.Bg2 g6 4.0-0 Bg7,36,1359,0.490066,0.360559
5,1.Nf3 d5 2.c4 e6 3.g3 Nf6 4.Bg2 Be7,35,1209,0.574855,0.405293
5,1.Nf3 d5 2.d4 Nf6 3.c4 e6 4.Nc3 Be7,35,1214,0.561367,0.55107
5,1.Nf3 d5 2.g3 c6 3.Bg2 Bg4 4.0-0 Nd7,36,1858,0.534445,0.423035
5,1.Nf3 d5 2.g3 g6 3.Bg2 Bg7 4.0-0 e5,35,1022,0.515166,0.368884
5,1.Nf3 d5 2.g3 g6 3.Bg2 Bg7 4.d4 Nf6,35,1540,0.531818,0.50909
6,1.Nf3 d5 2.g3 g6 3.Bg2 Bg7 4.d4 Nf6 5.0-0 0-0,45,1055,0.522274,0.511848
5,1.Nf3 d5 2.g3 Nf6 3.Bg2 c6 4.0-0 Bf5,36,1104,0.552989,0.410326
5,1.Nf3 d5 2.g3 Nf6 3.Bg2 c6 4.0-0 Bg4,36,1354,0.563515,0.443131
5,1.Nf3 d5 2.g3 Nf6 3.Bg2 e6 4.0-0 Be7,36,2431,0.576511,0.411764
5,1.Nf3 Nf6 2.c4 b6 3.g3 Bb7 4.Bg2 e6,35,1364,0.548387,0.524926
6,1.Nf3 Nf6 2.c4 b6 3.g3 Bb7 4.Bg2 e6 5.0-0 Be7,45,1097,0.553327,0.526891
5,1.Nf3 Nf6 2.c4 c5 3.g3 b6 4.Bg2 Bb7,35,1116,0.530465,0.517921
5,1.Nf3 Nf6 2.c4 c5 3.Nc3 d5 4.cxd5 Nxd5,38,1237,0.565885,0.470493
5,1.Nf3 Nf6 2.c4 e6 3.g3 b6 4.Bg2 Bb7,35,2574,0.581973,0.465423
6,1.Nf3 Nf6 2.c4 e6 3.g3 b6 4.Bg2 Bb7 5.0-0 Be7,45,1371,0.583515,0.475565
5,1.Nf3 Nf6 2.c4 e6 3.g3 d5 4.Bg2 Be7,35,2324,0.57358,0.449225
6,1.Nf3 Nf6 2.c4 e6 3.g3 d5 4.Bg2 Be7 5.0-0 0-0,45,1859,0.565895,0.440021
5,1.Nf3 Nf6 2.c4 e6 3.g3 d5 4.Bg2 dxc4,36,1546,0.536869,0.46313
5,1.Nf3 Nf6 2.c4 e6 3.Nc3 Bb4 4.Qc2 0-0,37,1107,0.56775,0.486901
5,1.Nf3 Nf6 2.c4 e6 3.Nc3 d5 4.d4 Be7,35,1167,0.592116,0.534704
5,1.Nf3 Nf6 2.c4 g6 3.b3 Bg7 4.Bb2 0-0,36,1131,0.546861,0.3687
5,1.Nf3 Nf6 2.c4 g6 3.g3 Bg7 4.Bg2 0-0,36,4921,0.561979,0.434261
6,1.Nf3 Nf6 2.c4 g6 3.g3 Bg7 4.Bg2 0-0 5.0-0 d6,45,2453,0.559722,0.41011
5,1.Nf3 Nf6 2.c4 g6 3.Nc3 Bg7 4.d4 0-0,36,1036,0.572393,0.407335
5,1.Nf3 Nf6 2.c4 g6 3.Nc3 Bg7 4.e4 d6,35,6101,0.567529,0.370267
6,1.Nf3 Nf6 2.c4 g6 3.Nc3 Bg7 4.e4 d6 5.d4 0-0,44,5952,0.568548,0.369959
7,1.Nf3 Nf6 2.c4 g6 3.Nc3 Bg7 4.e4 d6 5.d4 0-0 6.Be2 e5,53,3715,0.569313,0.377927
8,1.Nf3 Nf6 2.c4 g6 3.Nc3 Bg7 4.e4 d6 5.d4 0-0 6.Be2 e5 7.0-0 Nc6,63,1431,0.57058,0.33473
9,1.Nf3 Nf6 2.c4 g6 3.Nc3 Bg7 4.e4 d6 5.d4 0-0 6.Be2 e5 7.0-0 Nc6 8.d5 Ne7,72,1252,0.571884,0.322683
5,1.Nf3 Nf6 2.c4 g6 3.Nc3 Bg7 4.g3 0-0,36,1184,0.554476,0.40625
5,1.Nf3 Nf6 2.c4 g6 3.Nc3 d5 4.cxd5 Nxd5,38,3305,0.582904,0.498335
5,1.Nf3 Nf6 2.g3 b5 3.Bg2 Bb7 4.0-0 e6,36,1199,0.51668,0.407839
5,1.Nf3 Nf6 2.g3 b6 3.Bg2 Bb7 4.0-0 e6,36,1590,0.570125,0.445911
5,1.Nf3 Nf6 2.g3 d5 3.Bg2 c6 4.0-0 Bg4,36,1998,0.526026,0.458458
5,1.Nf3 Nf6 2.g3 d5 3.Bg2 e6 4.0-0 Be7,36,1650,0.570606,0.411515
5,1.Nf3 Nf6 2.g3 g6 3.b3 Bg7 4.Bb2 0-0,36,2434,0.587921,0.400164
6,1.Nf3 Nf6 2.g3 g6 3.b3 Bg7 4.Bb2 0-0 5.Bg2 d6,45,1288,0.593944,0.408385
5,1.Nf3 Nf6 2.g3 g6 3.Bg2 Bg7 4.0-0 0-0,37,8425,0.534777,0.428605
6,1.Nf3 Nf6 2.g3 g6 3.Bg2 Bg7 4.0-0 0-0 5.c4 d6,45,1506,0.528552,0.381142
6,1.Nf3 Nf6 2.g3 g6 3.Bg2 Bg7 4.0-0 0-0 5.d4 d5,45,1145,0.550218,0.487336
6,1.Nf3 Nf6 2.g3 g6 3.Bg2 Bg7 4.0-0 0-0 5.d4 d6,45,2092,0.554493,0.378585
